Price,Close,High,Low,Open,Volume
Ticker,PFE,PFE,PFE,PFE,PFE
Date,,,,,
2020-01-02,29.490604400634766,29.64883248885423,29.294705121969027,29.611161298407954,16514072
2020-01-03,29.33237075805664,29.56594418826424,29.13646850727125,29.174142716140935,14922848
2020-01-06,29.294700622558594,29.385117524639146,29.15907829888567,29.24949217151832,15771951
2020-01-07,29.196748733520508,29.483064876823303,29.14400604690306,29.475530640084784,20108107
2020-01-08,29.430322647094727,29.55087649567819,29.196749186783286,29.20428342363877,16403507
2020-01-09,29.3022403717041,29.588556576222572,29.226894958761918,29.588556576222572,21971895
2020-01-10,29.754314422607422,29.859799802492994,29.36251288136732,29.370047118580857,21557357
2020-01-13,29.694034576416016,29.965282236678814,29.54334075861497,29.852262630689957,15392405
2020-01-14,30.191329956054688,30.1988641946506,29.61116328968362,29.70911142087907,20919160
2020-01-15,30.643404006958008,30.794097845090363,30.266670926351185,30.28174243077811,23925800
2020-01-16,30.598196029663086,30.741355632538195,30.379691021271068,30.733821394931322,16216422
2020-01-17,30.522850036621094,30.748889278269022,30.455038870016335,30.5680584908403,23083970
2020-01-21,30.39475440979004,30.635862066621034,30.28173481696959,30.42489135217023,23115696
2020-01-22,30.2817440032959,30.44750329556673,30.115978652128497,30.379692125192612,18097812
2020-01-23,30.673540115356445,30.763957021644806,30.236533146824154,30.281741599968335,27148510
2020-01-24,30.002952575683594,30.869438216873725,29.86733026408829,30.846835508090386,34143698
2020-01-27,30.259136199951172,30.46257272667043,29.57348424611676,29.69403810289555,31964026
2020-01-28,28.737138748168945,29.754315333189947,28.593979148386502,29.626227237743834,70202408
2020-01-29,28.31519889831543,28.91797125359267,28.29259618463995,28.72207198006033,34165726
2020-01-30,28.21624755859375,28.29236568483644,27.927006635896635,28.239084220624264,32316589
2020-01-31,28.345643997192383,28.505485311661296,28.086847905453414,28.117295764643735,33894005
2020-02-03,28.551158905029297,28.954577019352204,28.39131451149661,28.51310290208886,20875735
2020-02-04,28.688167572021484,29.106804996120086,28.642497311481222,28.985019674942095,31150865
2020-02-05,29.05352020263672,29.35798653104844,28.787115990768598,28.80994958822231,29443490
2020-02-06,29.122024536132812,29.304705560352996,28.94695777158327,29.25903530429795,21047748
2020-02-07,28.962182998657227,29.22858721279025,28.870842487278416,29.198142415926466,21903596
2020-02-10,28.77950096130371,29.091578480517853,28.710997110381513,29.08396728157023,19998385
2020-02-11,28.992630004882812,29.023077864460586,28.74144817004056,28.840399888175856,16027335
2020-02-12,28.72622299194336,29.068745311994952,28.710997533430152,28.992627200609927,22944315
2020-02-13,28.109682083129883,28.604434503040785,28.079234226627815,28.604434503040785,22099745
2020-02-14,27.789995193481445,28.19341019126564,27.721491337328253,28.14012873417008,21006747
2020-02-18,27.645376205444336,27.911783519679602,27.607320203692293,27.820442994686314,17988513
2020-02-19,27.576868057250977,27.782382676357766,27.56164565891528,27.706264563891846,17750941
2020-02-20,27.287626266479492,27.447470624793848,26.952715152028542,27.18106336093659,42953135
2020-02-21,27.188678741455078,27.264796863060436,27.044059819114246,27.21912660217604,32425256
2020-02-24,26.389455795288086,26.94510391903309,26.336174342584034,26.671085456611333,37969296
2020-02-25,25.826204299926758,26.442745262135656,25.658748692161446,26.397074994491565,41878898
2020-02-26,26.42751693725586,26.800484075245045,25.894702368137235,26.062157938375396,47920005
2020-02-27,25.955598831176758,27.181069459482174,25.95559883117676,26.214394954188307,55444827
2020-02-28,25.43800926208496,25.833811557051245,24.760575733240163,25.491290722802756,66057447
2020-03-02,26.549299240112305,26.60258069098349,25.46083815696631,25.81097318694886,42034469
2020-03-03,26.10782814025879,27.234346872120746,25.772917000494754,26.777650419786855,46174475
2020-03-04,27.706266403198242,27.751936661630918,26.60258430311054,26.716758418995266,38712155
2020-03-05,26.990772247314453,27.538809133061022,26.762424054985612,27.13539113691291,35096303
2020-03-06,26.655860900878906,26.770034995945522,25.970816330479213,26.412287253781663,40931036
2020-03-09,25.696802139282227,26.40468042158765,25.240105683499664,25.468453911390945,43183856
2020-03-10,26.32856559753418,26.381847055204123,25.125931790745845,26.31334319831245,40548329
2020-03-11,24.486557006835938,25.78814412216344,24.098364385250488,25.69680360165132,65350213
2020-03-12,22.850061416625977,24.357160188777833,22.83483748570458,23.200194995650044,62731445
2020-03-13,24.8975830078125,25.026979519110792,23.00990149285545,23.801510610513365,60553038
2020-03-16,22.971845626831055,24.57028484643671,22.568430604482767,22.789167645834592,50995050
2020-03-17,24.478946685791016,24.851915390617112,23.283922448021535,24.0831413198199,54220606
2020-03-18,24.631175994873047,24.821466694378486,23.070795931401054,23.420929471917766,43884976
2020-03-19,23.154525756835938,24.547450372300606,22.842449716645557,24.524615241516518,59820929
2020-03-20,22.08128547668457,23.344813401801407,22.00516889415073,23.047959801057228,52488989
2020-03-23,21.685483932495117,22.515149105958447,21.221174720405095,21.890997043316855,52853041
2020-03-24,22.60648536682129,22.872891105706394,21.997557307856688,22.461864933689736,44466784
2020-03-25,22.644542694091797,23.382870311800755,22.07367216562332,22.45425353806685,44601275
2020-03-26,24.166868209838867,24.34954617863318,22.74349586631296,22.751108595993745,43269967
2020-03-27,23.519880294799805,24.159254694997546,23.337200801745542,23.443763711844124,38290344
2020-03-30,24.867136001586914,25.004145247217785,23.634055851302985,23.634055851302985,29943508
2020-03-31,24.844301223754883,25.11831817181908,24.539836417931106,24.66162172818186,29466151
2020-04-01,24.166868209838867,24.57028320524066,23.99941264001229,24.296264721852275,26709625
2020-04-02,25.019371032714844,25.118321226778953,24.166870696882327,24.281044821677806,27186876
2020-04-03,25.6054630279541,25.795753726991194,24.8366890322994,24.8366890322994,32837370
2020-04-06,26.31334686279297,26.56452872650745,25.712028345460322,25.818591275640504,40503217
2020-04-07,25.582630157470703,26.770041653546613,25.56740622691724,26.640645129728952,24226295
2020-04-08,26.3361759185791,26.488409086899622,25.453229357068288,25.871868274654375,25523980
2020-04-09,26.9375,27.2267409383922,26.526470665089747,26.66348146352464,30648107
2020-04-13,26.74720001220703,27.386577432851333,26.42751436227843,27.371351974935838,18270141
2020-04-14,27.736713409423828,27.881335379948077,26.899435565216198,27.3485208152733,21845309
2020-04-15,27.378969192504883,27.5768695628548,27.082114046389183,27.44747304914932,21312196
2020-04-16,27.310462951660156,27.599706905354,27.082114716928988,27.49314398776026,20657451
2020-04-17,28.094457626342773,28.16296148042274,27.485528018134,27.782383153136802,24404843
2020-04-20,27.462696075439453,28.094459319620555,27.462696075439453,27.69104430973127,22530620
2020-04-21,27.112564086914062,27.348523534562926,26.922274900834623,27.234349410836437,23975233
2020-04-22,27.592092514038086,28.162963098152563,27.49314385708047,28.132518299209895,20182624
2020-04-23,27.927003860473633,28.467429649432553,27.61492936715465,27.61492936715465,20185365
2020-04-24,28.452207565307617,28.490263564674567,27.99551108975222,28.041178288992562,17353794
2020-04-27,29.175302505493164,29.335146852390157,28.596820825631713,28.61204628276004,23394057
2020-04-28,28.855615615844727,29.85273458526041,28.45220069717813,29.72333809786004,35666728
2020-04-29,29.01546859741211,29.342765512409397,28.703391022626533,29.274261649288764,26518535
2020-04-30,29.198144912719727,29.312319031509638,28.43698208052433,28.924126415545146,29450973
2020-05-01,28.65010643005371,28.87845465577129,28.45981726208701,28.809950800134782,22679867
2020-05-04,28.634883880615234,28.86323210513269,28.475039511374252,28.6196584213586,19893512
2020-05-05,29.31232452392578,29.578728810757255,29.12964651171131,29.540672804292512,24123952
2020-05-06,29.31232452392578,29.692906011335186,29.31232452392578,29.662458145768824,24047432
2020-05-07,28.412887573242188,29.58907160840376,28.35907511055268,29.527569001706702,33546080
2020-05-08,28.612756729125977,28.735758836589863,28.474383608207688,28.635820976541368,19893618
2020-05-11,29.28925323486328,29.37381698716767,28.566633268810293,28.63581982649082,25620421
2020-05-12,28.720375061035156,29.396872588068938,28.7050009602097,29.30462489222339,19335314
2020-05-13,28.482074737548828,28.766511163169536,28.128451741565016,28.681950486257737,24596882
2020-05-14,29.15087890625,29.181627112431215,28.2745086666864,28.28988276977701,22362507
2020-05-15,29.02788543701172,29.34307006495918,28.743449021110912,29.181632679032692,25460002
2020-05-18,29.266193389892578,29.566003880530165,28.92794454731403,29.473756163122808,22635177
2020-05-19,28.966381072998047,29.227753195215826,28.68194470471242,29.097067134106936,19476234
2020-05-20,28.927942276000977,29.36612894468513,28.86644277226027,29.1739402909638,17504200
2020-05-21,28.64350700378418,28.943317482308238,28.482069641227103,28.881817976223648,17652181
2020-05-22,28.8280029296875,28.851067174203553,28.412880528222928,28.528192478123817,15781226
2020-05-26,28.8203182220459,29.112441646156377,28.789566923821614,28.94331723315627,23260094
2020-05-27,28.758821487426758,28.85875935266805,28.420572628835988,28.758821487426758,25904158
2020-05-28,29.350751876831055,29.550627583018073,28.997128956077585,29.089379757532097,22521767
2020-05-29,29.358440399169922,29.5429389010038,28.88950245703076,29.419939899781212,48333067
2020-06-01,27.259763717651367,27.467323393407227,26.83695113238702,27.290511925514416,76884979
2020-06-02,27.79788589477539,27.79788589477539,27.098327057013208,27.31357688121496,42690900
2020-06-03,27.79788589477539,27.99007456248132,27.321263933380234,27.897823754710995,38751996
2020-06-04,27.682573318481445,27.89782313792429,27.444262343052632,27.451949395047954,27013388
2020-06-05,27.667198181152344,28.051572402816703,27.582634430575254,27.859383746537862,36705655
2020-06-08,28.128448486328125,28.13613553871287,27.428889628593097,27.52113734810364,30194149
2020-06-09,27.83632469177246,28.182260590104597,27.805573391725943,28.059261571705647,21675088
2020-06-10,27.613388061523438,28.020823472739142,27.59032381355661,27.95163691062583,29557217
2020-06-11,25.599275588989258,27.428894859525183,25.58390148128779,27.36739533782512,63166642
2020-06-12,25.945205688476562,26.214264859937426,25.407081163768225,26.19889075662956,37902472
2020-06-15,25.645397186279297,25.92214653818911,25.184149296727522,25.599271779145376,36247482
2020-06-16,25.6761417388916,26.10664133036928,25.15339444273521,25.822203437951575,55616945
2020-06-17,25.79913902282715,25.960576358892013,25.614640534849975,25.822201720185905,27509822
2020-06-18,25.553146362304688,25.729957836479283,25.35327218596672,25.576209064468063,32278855
2020-06-19,25.691518783569336,25.93751834272575,25.46089332754647,25.89907999399862,43986266
2020-06-22,25.453203201293945,25.645390285373946,25.299454461297813,25.622327588012915,23332503
2020-06-23,25.19183349609375,25.560832075030106,25.168770795138975,25.522393724956583,37690408
2020-06-24,24.745960235595703,25.161084224378712,24.59989852068503,25.145710120412705,30817695
2020-06-25,24.845895767211914,24.892021165685346,24.469210164500804,24.68445841800148,27418651
2020-06-26,24.630645751953125,24.81514579877996,24.300085550618498,24.792083099745785,42153992
2020-06-29,25.09189796447754,25.114959120701204,24.753649127836255,24.953523299901853,23956261
2020-06-30,25.138023376464844,25.276398049595183,24.776713361262836,25.007337301331123,25451676
2020-07-01,25.937522888183594,26.552518030233724,25.922147236908888,26.552518030233724,73503009
2020-07-02,26.529455184936523,26.79082733096818,26.168145175589885,26.614015852507467,45270881
2020-07-06,26.529455184936523,26.898452246708374,26.429517321621542,26.867704037007528,27150935
2020-07-07,26.160457611083984,26.406455647449903,26.106645154267245,26.175831715633464,25148018
2020-07-08,25.945205688476562,26.42182761816683,25.806831031472512,26.145078304158726,24256545
2020-07-09,25.722274780273438,26.045149569826727,25.44552540221262,25.929837586542554,20363702
2020-07-10,26.00670623779297,26.168143601693526,25.745332562034957,25.876018627190604,24459019
2020-07-13,27.067577362060547,27.459638681986082,26.537142913170094,26.69858029089163,56569129
2020-07-14,27.08295440673828,27.22901458750735,26.813892112040417,27.190579324617428,32854129
2020-07-15,27.459638595581055,27.674888431865796,27.267453007980357,27.66720137926901,26294454
2020-07-16,27.367387771606445,27.398135978508474,27.106012558472525,27.367387771606445,18421812
2020-07-17,27.86707305908203,27.928575659524117,27.46732470156993,27.56726256367135,23347365
2020-07-20,28.059263229370117,28.92025949992164,27.920887007326236,28.820321632483353,36815693
2020-07-21,28.205322265625,28.505135855740846,28.07463619253468,28.397510939939306,23588520
2020-07-22,29.64287567138672,29.77356482359517,28.843379018235428,29.38919060049346,90705554
2020-07-23,29.527559280395508,30.303994661764982,29.35074784431102,30.157934518904824,59639536
2020-07-24,28.951000213623047,29.327687336706934,28.697315175245187,29.23543654590065,33870501
2020-07-27,28.85875701904297,29.020194382710553,28.62044604496419,28.72038081123071,27640307
2020-07-28,29.99650001525879,30.242498020700882,29.258502908039343,29.62749991620248,56393954
2020-07-29,30.181001663208008,30.327064925962468,29.558316442537873,30.211752962538128,37033660
2020-07-30,30.07232093811035,30.227573934472055,29.65314128114639,29.71524185547059,32273796
2020-07-31,29.8704891204834,30.08008049120134,29.389208931252124,29.71523925879067,28472124
2020-08-03,29.76958656311035,30.010226729800994,29.668671938013286,29.97141269220142,31036400
2020-08-04,29.800636291503906,30.025752099113717,29.567758300335576,29.738535701932562,29448549
2020-08-05,29.847206115722656,29.90930669198173,29.598803810686363,29.8627304795118,24292697
2020-08-06,29.70748519897461,30.35178072810673,29.614332759612118,30.095613080411372,20922111
2020-08-07,29.847206115722656,29.979169450135377,29.62209035637008,29.730767145099083,23097251
2020-08-10,29.800636291503906,30.01022773199667,29.699721663036787,29.924837470646597,19964552
2020-08-11,29.334877014160156,29.948123778535987,29.24172770081761,29.932596292059888,21326847
2020-08-12,29.75405502319336,29.924832395828982,29.350399698882125,29.365927184469097,19957595
2020-08-13,29.629854202270508,29.637616384601003,29.404738430275483,29.55222925786289,15340021
2020-08-14,29.54446792602539,29.800632434716572,29.443553310618604,29.505653892152914,12901276
2020-08-17,29.76958656311035,29.816159662906173,29.45908050451986,29.528946396419705,17494187
2020-08-18,29.777345657348633,29.854970603392022,29.629854826653187,29.847208420897957,10846398
2020-08-19,29.69972038269043,29.971412401041977,29.59104669645284,29.870497776925255,15690055
2020-08-20,30.05679702758789,30.111135421077936,29.598803334358575,29.637614243206862,21957455
2020-08-21,30.18100929260254,30.274161750347748,29.940369084714938,30.204295846487046,25467170
2020-08-24,30.14995765686035,30.305210713887313,29.91707963187172,30.2896863445157,25011947
2020-08-25,29.816152572631836,29.932591536638345,29.459073499158844,29.89378062937105,26221201
2020-08-26,29.536701202392578,29.707478555631692,29.23395740271714,29.64537798364495,24083689
2020-08-27,29.389217376708984,29.497894183785167,29.24949183681276,29.466842329862107,22156556
2020-08-28,29.428028106689453,29.544467083885134,29.03213496000361,29.39697625625603,32830519
2020-08-31,29.334877014160156,29.51341657926141,29.109761231836224,29.373691048696188,30032465
2020-09-01,28.628482818603516,29.358168613457373,28.341266434800755,29.334878942763464,36145560
2020-09-02,28.87688446044922,28.954509411627097,28.25587548771739,28.543091864509353,29068688
2020-09-03,28.255874633789062,29.101999372579005,28.02299666619036,29.008846937098387,35956788
2020-09-04,28.224824905395508,28.43441631726973,27.844456115243,28.325739520083296,26872257
2020-09-08,27.891035079956055,28.418891631807647,27.696971135057147,28.356791044595873,26736818
2020-09-09,28.08510398864746,28.449945352592085,28.054052132452714,28.170491131252337,27490533
2020-09-10,27.67368507385254,28.19377951028041,27.619346662816586,28.100630177864097,21650741
2020-09-11,27.99970817565918,28.030756904597112,27.51842790830018,27.743540556408085,24109301
2020-09-14,28.72939109802246,29.140808564328847,28.162720638752454,28.224821211717437,29565543
2020-09-15,28.69058609008789,28.99332686861444,28.574147089031275,28.869125683634486,22003726
2020-09-16,28.550857543945312,28.962275096471494,28.50428132418513,28.93898542603991,22208412
2020-09-17,28.581905364990234,28.69834435012631,28.372313943304142,28.55085663354215,17894390
2020-09-18,28.434419631958008,28.775971307227582,28.3878434104339,28.550858625216733,31694623
2020-09-21,27.960899353027344,28.317981650063153,27.46409462863528,28.23259138736876,26608968
2020-09-22,28.139436721801758,28.20154042855622,27.743543537584095,27.797881940167027,22727297
2020-09-23,27.945377349853516,28.24035596019239,27.922090796841292,28.209304101739285,23102521
2020-09-24,27.759071350097656,27.97642184187328,27.588293957279166,27.90655907233458,20859925
2020-09-25,27.98418426513672,28.06180920984338,27.572766752316873,27.588291117037667,14365598
2020-09-28,28.248117446899414,28.395608308978076,28.06957784823792,28.06957784823792,15044269
2020-09-29,28.07733917236328,28.36455558247394,27.968662355445375,28.279168438383188,13512491
2020-09-30,28.488752365112305,28.690581599945464,28.13943541661136,28.154962903131246,22629275
2020-10-01,28.232585906982422,28.791494234533857,28.06957071802137,28.651765592094698,22520396
2020-10-02,28.2403507232666,28.457704328821595,27.968658716322857,27.991948386119688,21461759
2020-10-05,28.527565002441406,28.62847961491506,28.20929680036378,28.356787627910094,19400029
2020-10-06,28.07733917236328,28.744924441686607,28.015238579996378,28.721634768859452,25233392
2020-10-07,28.31021499633789,28.403367438274426,27.968660204041342,28.147202904603542,22160034
2020-10-08,28.636247634887695,28.861363452711004,28.341269040764853,28.41113181706439,17857395
2020-10-09,28.558618545532227,28.81478306196078,28.403365526455705,28.58966727668582,23667465
2020-10-12,28.581905364990234,28.861359553537394,28.310213359305095,28.48875292844022,19413837
2020-10-13,28.644010543823242,28.822550141598203,28.434422209619612,28.465470946048278,21543233
2020-10-14,28.612953186035156,28.95450478935457,28.387837430343367,28.729392154765222,22120298
2020-10-15,28.372316360473633,28.519807210726103,28.26364267004404,28.434420070866466,16089205
2020-10-16,29.459083557128906,29.59105005020087,28.737162982250123,28.775973902768307,42993503
2020-10-19,29.3426456451416,30.157721822901323,29.218444452655405,29.823929167404984,31931352
2020-10-20,29.101999282836914,29.412505319412904,28.993322482145604,29.39697783281212,22384852
2020-10-21,28.783729553222656,29.07094275313255,28.768202069120292,28.993317817030064,18984859
2020-10-22,29.055423736572266,29.16410053977458,28.74492081392487,28.783734849669386,19243616
2020-10-23,29.637617111206055,29.71524517861949,29.226199589884708,29.443553184877945,30557884
2020-10-26,29.435791015625,29.513415961970683,29.0942362579396,29.396976981900785,33783124
2020-10-27,29.055423736572266,29.591045569655513,28.620719644865915,28.752682996853192,36851529
2020-10-28,27.518430709838867,28.822546122256558,27.417516088311622,28.56638159802903,33857537
2020-10-29,27.38646125793457,27.665915421959813,26.858604779710273,27.541714264860286,27545341
2020-10-30,27.541719436645508,27.58053347594109,27.04491159385419,27.35541766601246,25631067
2020-11-02,28.123910903930664,28.139435269266443,27.588292209921075,27.891032939482773,21430666
2020-11-03,28.092859268188477,28.426651852091375,28.007472137082267,28.2791641380617,21636617
2020-11-04,28.977798461914062,29.59104523852098,28.69058209126569,28.76820704078316,40870536
2020-11-05,28.53862190246582,29.252282711994027,28.53862190246582,29.213072658635937,33926995
2020-11-06,28.546463012695312,28.797423112275617,28.303348076740082,28.538621002271054,23870676
2020-11-09,30.742345809936523,32.93038654397919,30.09926626874993,32.82843410187379,230153864
2020-11-10,30.334543228149414,31.79323619373275,30.162009515953482,31.72265493719833,80091668
2020-11-11,30.193374633789062,31.52658568754127,29.72282881406461,30.49138677606784,58980997
2020-11-12,29.448345184326172,30.067898704025804,29.205230244064563,30.02084348744594,46767877
2020-11-13,30.287487030029297,30.31885822814544,29.573826169799272,29.699304655861567,40175634
2020-11-16,29.27581024169922,29.762040101451156,28.899371678342288,29.69145885619696,75530167
2020-11-17,29.79039764404297,30.170629477955938,29.608546265562637,30.162364939479783,46984500
2020-11-18,30.021846771240234,30.931097484790424,30.005314538768296,30.52606882543115,63442700
2020-11-19,29.914386749267578,30.278089531868247,29.641612815517785,30.25328960829048,43261800
2020-11-20,30.33595085144043,30.840172871884104,30.121034996890316,30.33595085144043,60633800
2020-11-23,30.187158584594727,30.658316058996437,29.9309137735411,30.60871937366988,43673100
2020-11-24,30.253293991088867,30.36901962708199,29.773871826207728,29.864797535030316,42485300
2020-11-25,30.195432662963867,30.220232590063176,29.95572315781239,30.195432662963867,26955800
2020-11-27,30.7740421295166,30.79883889850041,30.37727805977302,30.402074828756827,25277000
2020-11-30,31.666765213012695,32.071793841325025,31.07988204144885,31.369191357729775,65425900
2020-12-01,32.57601547241211,33.477001566629674,32.24537715862193,32.56775093350765,72499700
2020-12-02,33.724979400634766,34.22920142032035,33.31168307672208,33.452205466516766,84347500
2020-12-03,33.138092041015625,33.91508782280037,32.66693458832062,33.87375883019906,68570100
2020-12-04,33.34475326538086,33.43567897676757,32.972785879344876,32.972785879344876,35368100
2020-12-07,34.096946716308594,34.220936874739095,33.36954430346448,33.609256928056396,48253700
2020-12-08,35.179779052734375,35.353362726480704,34.179599699528815,34.22093184840197,87039300
2020-12-09,34.5928955078125,35.609607076559,33.99775104090748,35.60133938561298,86118500
2020-12-10,34.493709564208984,34.89874133436037,34.262264640237106,34.56810302594289,57749200
2020-12-11,33.98948287963867,34.774746389033766,33.634047850683004,34.69208839991856,60737000
2020-12-14,32.410701751708984,34.43585466864785,32.29497926843268,34.40279020108286,94809700
2020-12-15,31.99739646911621,32.38589597197047,31.584100199084123,32.28670575005886,65712800
2020-12-16,31.27826690673828,31.79902117419541,31.195608900627988,31.55930854199442,56515300
2020-12-17,31.435317993164062,31.509711459029063,30.84017341944483,31.27000198297586,52036400
2020-12-18,31.146007537841797,31.48491035723104,30.997220626578194,31.402252363506967,60259200
2020-12-21,30.89803695678711,30.914569189678392,30.509537366844416,30.815375792330677,40891800
2020-12-22,30.369016647338867,30.856706457826157,30.253291022700495,30.757513065278978,33634400
2020-12-23,30.947629928588867,31.12121679412911,30.484740029017416,30.592194811017386,36182000
2020-12-24,30.807106018066406,31.055083162900008,30.732712559296278,30.91456393700114,14790100
2020-12-28,30.435144424438477,31.063356672422486,30.31942194538907,30.881505260658525,26993700
2020-12-29,30.625261306762695,30.749251482769488,30.410348575312238,30.501274283957063,23152100
2020-12-30,30.369016647338867,30.7823129900162,30.335952183156476,30.60872612965907,24889800
2020-12-31,30.426881790161133,30.517804348536757,29.997053160198483,30.302891610156063,30796500
2021-01-04,30.426881790161133,30.53433658275085,29.98052092598439,30.476475339602153,33565700
2021-01-05,30.74097442626953,30.889761330879836,30.253284717424698,30.352478089298366,29909400
2021-01-06,30.47646713256836,30.980689104111434,30.393809136958197,30.44340582624454,34962500
2021-01-07,30.633529663085938,30.707923139659588,30.31115582913263,30.616997429047213,27809500
2021-01-08,30.691389083862305,31.022024285407515,30.501273133503577,30.71618585684791,33462400
2021-01-11,31.22040367126465,31.270000363673233,30.7079171291784,30.76577836038811,47286900
2021-01-12,30.73271942138672,31.23694151527948,30.435145519863045,31.162548039898564,47831100
2021-01-13,30.468198776245117,30.724440422446623,30.286347424850486,30.583921216878057,31027900
2021-01-14,30.377281188964844,30.55086489613358,30.26155871751902,30.40207796050299,30272000
2021-01-15,30.33595085144043,30.402076623701507,30.087973687360137,30.31941862007498,34287800
2021-01-19,30.36074447631836,30.58392484682791,30.26981878982924,30.385541244197068,33451300
2021-01-20,30.17062759399414,30.42687241556099,30.1375631357532,30.410340186440518,35400100
2021-01-21,30.15410614013672,30.24503185619054,29.88133214517668,30.079712659110996,33829700
2021-01-22,30.211963653564453,30.443411762161873,29.96398646518246,30.021847704031558,26271200
2021-01-25,30.815372467041016,30.823640159194994,30.02184429309505,30.211960221027898,31728500
2021-01-26,30.84017562866211,31.079885121886754,30.716185458938224,30.807111162975605,27718700
2021-01-27,29.955720901489258,30.616994432307813,29.897856511416773,30.575665427856826,50561200
2021-01-28,29.964075088500977,30.356801012347457,29.947363007964594,30.039277857162997,39466700
2021-01-29,29.997499465942383,30.816372293111108,29.763533524248846,30.816372293111108,60251900
2021-02-01,29.9139404296875,30.239818048631154,29.84709529150851,30.02256736516992,40395800
2021-02-02,29.237112045288086,29.89722158071106,28.635490000342706,29.880509503073366,84062400
2021-02-03,29.111780166625977,29.487794036549403,29.0616439214683,29.237119185768343,38524200
2021-02-04,29.15355682373047,29.312319995673317,28.994796839291073,29.086711688836203,34284900
2021-02-05,29.178625106811523,29.31232175965265,29.061643723079175,29.178625106811523,31749600
2021-02-08,29.095064163208008,29.25382413688604,29.028219032844767,29.212045531971107,31633900
2021-02-09,29.22040557861328,29.295608348672044,29.04493032347383,29.07835448516739,30170200
2021-02-10,29.028221130371094,29.312320126825625,28.994796969022687,29.24547180412881,29039900
2021-02-11,28.769195556640625,29.086718790548236,28.64385651529429,29.078361154456225,30885200
2021-02-12,29.011507034301758,29.203691167449097,28.71069597807001,28.777541108619705,25578600
2021-02-16,28.98644256591797,29.128493673730745,28.877818810683056,29.12013603871032,28730300
2021-02-17,29.15355682373047,29.245471673275603,28.794255059601376,28.88616990914651,26389400
2021-02-18,28.87781524658203,29.145202159165837,28.844391085633198,29.061641756793755,24052500
2021-02-19,28.777542114257812,28.978083887921372,28.744121141566684,28.96137180782413,28145300
2021-02-22,28.627132415771484,28.719047249181465,28.443305936454422,28.685626281352928,34322500
2021-02-23,28.334680557250977,28.568643282214026,28.14249643495946,28.409883317060967,37624200
2021-02-24,28.20099449157715,28.451669360668166,28.134146159817465,28.301263801712775,30686100
2021-02-25,28.259485244750977,28.501805666609627,28.025522458130986,28.259485244750977,37506100
2021-02-26,27.98373794555664,28.326327605534942,27.87511102287965,28.276191367183277,41462800
2021-03-01,28.150854110717773,28.351395889056995,28.000448573839215,28.067296895786765,30407800
2021-03-02,28.000450134277344,28.31797330621661,27.99209568732003,28.142501232580546,27670400
2021-03-03,28.73576545715332,28.78590170084621,27.94195912995222,28.000449820508805,46020200
2021-03-04,28.577003479003906,29.32067351078518,28.27619241277702,28.627136531706153,45449600
2021-03-05,28.73576545715332,28.86945891949745,28.376463679446545,28.652208238502077,30589900
2021-03-08,28.70234489440918,29.136849498397098,28.685635998586235,28.81097184228215,24352300
2021-03-09,28.785903930664062,29.12013601866294,28.777546295649394,28.861106708276978,25167100
2021-03-10,29.186983108520508,29.36245518632636,28.84439340006465,28.944662703453183,33501800
2021-03-11,29.00314712524414,29.345736759628213,28.96136852349057,29.303958157874643,24557900
2021-03-12,29.19533348083496,29.228757639800634,28.836031740712077,28.877813533170787,16342400
2021-03-15,29.588062286376953,29.604774367501427,29.212048429835164,29.253827038894574,21896100
2021-03-16,29.939008712768555,29.964075239948105,29.50450417913672,29.638197636600093,25022400
2021-03-17,29.90558433532715,30.0476322383223,29.345740794837976,29.939008496327222,42540100
2021-03-18,29.88887596130371,30.055993599524655,29.679979710403494,29.68833415793782,24729800
2021-03-19,29.68832778930664,29.930648153370136,29.638194739847396,29.872157470665588,48348900
2021-03-22,30.0810546875,30.089409133522874,29.546280891944967,29.646550181735723,25427500
2021-03-23,29.546283721923828,30.022566878427963,29.51285955962442,29.930652025856364,27970500
2021-03-24,29.755178451538086,30.02256536141543,29.554636675378376,29.6465515233056,22883400
2021-03-25,29.805309295654297,29.905581770053228,29.45436519776752,29.788600404090968,24875300
2021-03-26,30.289949417114258,30.323373574575267,29.780242172094738,29.813666329555744,27944500
2021-03-29,30.599119186401367,30.699391672814848,29.99750020543819,30.106123951130815,27004800
2021-03-30,30.172969818115234,30.607474328010248,30.09776705318142,30.57405016859449,26303300
2021-03-31,30.27324104309082,30.440358663343883,30.114481056977326,30.206395907491686,26582700
2021-04-01,30.331735610961914,30.457074639056295,30.097772825189896,30.331735610961918,21319900
2021-04-05,30.31501579284668,30.55733615199642,30.16461027251257,30.448709234532213,22096900
2021-04-06,30.122838973999023,30.415295640011042,30.081060360998407,30.298311061103924,20722900
2021-04-07,30.005855560302734,30.281600125029488,29.88051654224446,30.106124862247174,21933800
2021-04-08,30.04763412475586,30.20639730572186,29.972431351536077,30.04763412475586,18129400
2021-04-09,30.582406997680664,30.7578822545348,29.997500099845304,29.997500099845304,31686700
2021-04-12,30.891572952270508,30.9417060033135,30.3567991577903,30.482134972901022,29944900
2021-04-13,31.050334930419922,31.459772936214787,30.824726623655824,31.259231156589998,33967400
2021-04-14,31.058685302734375,31.23416053220129,30.883213260770496,31.058685302734375,23842900
2021-04-15,31.417993545532227,31.5349781186437,31.133894528697468,31.133894528697468,24945800
2021-04-16,32.22850799560547,32.33713492058186,31.59346490055804,31.64359795246768,52829500
2021-04-19,32.529319763183594,32.554386289682526,32.02797010818468,32.253575221681835,30905100
2021-04-20,32.61286926269531,32.78834446919336,32.3789065707014,32.3789065707014,26459400
2021-04-21,33.030670166015625,33.14765154233034,32.69643811761694,32.704792564137946,29365000
2021-04-22,32.28700256347656,33.005606143953095,32.18673326009723,32.98889406213926,33373600
2021-04-23,32.303714752197266,32.44576585433314,32.11153059195765,32.278648223145396,24375000
2021-04-26,32.320411682128906,32.370547904232275,32.161651760054866,32.36219027346395,19773400
2021-04-27,32.12823486328125,32.261928298229115,32.044674474249504,32.17836790919737,19061500
2021-04-28,32.429054260253906,32.53767801278169,32.18673385076195,32.20344593288247,21963300
2021-04-29,32.253578186035156,32.58781344508881,32.0112609701001,32.57945899798912,23569400
2021-04-30,32.29535675048828,32.504252969605275,32.16166329775354,32.17001774401675,28413200
2021-05-03,33.281349182128906,33.28970362889979,32.554388000424105,32.62123632460532,46638600
2021-05-04,33.38161087036133,33.56543734494276,32.94710642475492,33.42338946969789,52802200
2021-05-05,33.39833068847656,34.334184918034424,32.52932159584963,33.573802758861746,76627500
2021-05-06,33.069236755371094,33.10299025862087,32.03134067227478,32.47012655778815,54944900
2021-05-07,33.39833450317383,33.643039397827835,32.95110855312656,32.95110855312656,33807800
2021-05-10,33.63460159301758,33.989003772294105,33.5670945766344,33.60928807132974,30831900
2021-05-11,33.204254150390625,33.81180445402128,33.10299683942281,33.48271577919197,30568600
2021-05-12,33.49114990234375,33.68522774091852,33.1705012397828,33.28019531012183,26208600
2021-05-13,33.83711242675781,33.98899997775147,33.33082273605319,33.33082273605319,25415000
2021-05-14,33.76961135864258,34.022756224398286,33.68522759078294,33.95525242902218,18041100
2021-05-17,33.84555435180664,34.090262444531554,33.76117058591277,33.81180084544909,18095000
2021-05-18,33.794921875,34.048066718249814,33.60928404003618,33.90461915400907,15805500
2021-05-19,33.60928726196289,33.668354290419884,33.271758625998686,33.668354290419884,20209500
2021-05-20,33.8539924621582,33.9636897527169,33.51646704192541,33.52490380939377,18621100
2021-05-21,33.71053695678711,34.259016842798594,33.67678345702646,33.92992826740952,21144800
2021-05-24,33.592411041259766,33.870869434273445,33.567094300868206,33.82024239131369,16922300
2021-05-25,33.187374114990234,33.634596768184345,33.11143034190904,33.600843264834644,25916300
2021-05-26,32.841400146484375,33.162051937881984,32.72326612305123,33.15361517288421,28036500
2021-05-27,32.61357879638672,33.06080146826718,32.571385305981,32.883600396644134,38471200
2021-05-28,32.68108367919922,32.92579176852047,32.638893406294876,32.697960432143255,16154100
2021-06-01,32.48701095581055,32.90892018900289,32.470134200213415,32.85828992221149,23642400
2021-06-02,32.731712341308594,32.84984638724251,32.52075776816623,32.60513830985864,19629000
2021-06-03,32.883602142333984,32.94266916934402,32.596703774466,32.70639784239232,17376300
2021-06-04,33.03548812866211,33.330823249638655,32.92579084705165,32.951104366303525,19375300
2021-06-07,32.900482177734375,33.41520871889744,32.88360542277482,32.97642596559645,24110700
2021-06-08,32.782344818115234,33.001739413176324,32.470132899356464,32.96798590333433,18880300
2021-06-09,33.592411041259766,33.61772456273964,32.89204023714084,32.90891699109799,29824000
2021-06-10,34.326534271240234,34.360287781255714,33.65991693353805,33.66835692049786,42613700
2021-06-11,33.87929916381836,34.31808175821684,33.710534894251644,34.30964499324833,21386900
2021-06-14,33.44052505493164,33.81180400280014,33.2295704488653,33.778050493290685,23408300
2021-06-15,33.406768798828125,33.61772338755048,33.23800448406793,33.508026100119615,20206900
2021-06-16,33.16206359863281,33.61772632259415,33.14518684379219,33.43208523825912,19177500
2021-06-17,33.313941955566406,33.40676247205118,32.967976624339244,33.13674090713783,19580100
2021-06-18,32.74858856201172,33.2801917600879,32.65576803630948,33.162057716070976,37775900
2021-06-21,33.26332473754883,33.31395500789852,32.80766518005052,32.80766518005052,19488100
2021-06-22,33.42363739013672,33.49114116820942,33.12829910670015,33.25487311658879,15975900
2021-06-23,32.95110321044922,33.46583287659106,32.892036188325854,33.44051935822713,22025400
2021-06-24,33.069236755371094,33.20424754945896,32.97641944980107,33.027046485764494,13436500
2021-06-25,32.89204025268555,33.254882415656425,32.816096469298344,33.0101743115297,22774300
2021-06-28,33.010169982910156,33.08611375633886,32.82453215145986,32.91734945772938,19225700
2021-06-29,32.993289947509766,33.1451774792506,32.892032665986186,33.018606682073866,14516600
2021-06-30,33.043922424316406,33.13674294651374,32.75702409157516,33.027045673106784,21248100
2021-07-01,33.38146209716797,33.44052913656311,33.001743116119044,33.05237016765075,20035900
2021-07-02,33.52490997314453,33.60929375790093,33.22957477377778,33.297078582670636,16592700
2021-07-06,33.15361785888672,33.45739292598896,32.9426633088336,33.31394215811913,18931900
2021-07-07,33.204254150390625,33.21269413733654,32.88360546250723,33.09456007138878,17665200
2021-07-08,33.119873046875,33.17894007887241,32.84985140948349,32.90891844148089,23021200
2021-07-09,33.42363739013672,33.83710648047282,33.297063380248076,33.35613039315324,21578700
2021-07-12,33.55021286010742,33.96368522701815,33.41520206622231,33.46583232102094,24513000
2021-07-13,33.4573974609375,33.58396827677869,33.356136945570846,33.55865475739274,12222000
2021-07-14,33.71053695678711,33.778040737397504,33.46582891188876,33.51645916152973,15888600
2021-07-15,33.82868194580078,33.913062503626485,33.6346040876721,33.710547877280014,20250800
2021-07-16,34.048072814941406,34.048072814941406,33.69367061471422,33.870871714827814,24270400
2021-07-19,33.87929916381836,34.048060214474376,33.48270361317318,33.81179216842739,29818400
2021-07-20,34.63874053955078,35.195660488285185,33.92149627277104,33.96368654395019,48804100
2021-07-21,34.61343002319336,34.79907109517885,34.19152083698024,34.79907109517885,27530200
2021-07-22,34.99314498901367,35.060648777362516,34.51216882847477,34.69780666061755,18913300
2021-07-23,35.170345306396484,35.296919332860504,34.95095075638035,34.98470425929225,21609200
2021-07-26,35.2800407409668,35.3897347913413,34.92563541670238,35.11971321995462,23720000
2021-07-27,35.524749755859375,35.60913351866329,35.08596706492469,35.28848165783125,32544100
2021-07-28,36.663902282714844,36.908610338919566,35.651319775486854,35.73570030987625,53822400
2021-07-29,36.43400955200195,36.86825314444607,36.28925952247705,36.80865114642561,29015000
2021-07-30,36.451045989990234,36.77459882615179,36.34886833303469,36.51064799918136,24763300
2021-08-02,37.43022537231445,37.58348861458314,36.82568883229129,36.86826123335126,43066900
2021-08-03,38.89473342895508,39.04799664787299,37.5238808864479,37.609025675595404,45643300
2021-08-04,38.477516174316406,38.9969078331883,38.32425295536845,38.61374978581842,43391200
2021-08-05,38.36682891845703,38.43494410074418,38.060302478001006,38.31574009569252,23505400
2021-08-06,38.37533950805664,38.57969153725633,38.000697910600074,38.392369114495395,20413000
2021-08-09,39.150177001953125,39.19274940300513,38.40940682983707,38.40940682983707,32374300
2021-08-10,41.03190612792969,41.3554622308505,39.0735463960605,39.3375004863467,81189400
2021-08-11,39.431156158447266,40.938242368357315,39.38858051422804,40.682801495304446,50878200
2021-08-12,40.223018646240234,40.35925227488522,39.456702455070975,39.59293608371596,29676400
2021-08-13,41.27882385253906,41.29585346022867,40.29112934300054,40.367760953571015,35379200
2021-08-16,41.64495849609375,41.69604732676659,40.45291176492248,41.0659647407324,38045800
2021-08-17,42.9306640625,42.99026932349967,41.474666464152335,41.5342684770859,68817000
2021-08-18,41.985538482666016,44.156763145343994,41.866331227341604,42.76888095783289,88598000
2021-08-19,41.551292419433594,42.538986960824374,41.09150274118297,41.29585479198291,57741600
2021-08-20,41.483177185058594,42.343151287665336,41.43208836040314,41.704555595767594,35157500
2021-08-23,42.51344680786133,43.73103626385446,42.23246312660174,42.81997327902965,88652400
2021-08-24,41.19368362426758,42.6156219191383,41.074479605304276,42.35167109088124,52624100
2021-08-25,40.452911376953125,41.108536748002855,39.95906567744946,40.904187923403406,51036800
2021-08-26,40.34221649169922,41.006354923701736,40.27409806376798,40.61468370729335,29029300
2021-08-27,39.678077697753906,40.444393827393945,39.61847569301142,40.333702997986904,32924500
2021-08-30,39.814308166503906,40.154893807865676,39.303432952526656,39.33749216627591,25774400
2021-08-31,39.226802825927734,40.13786571567609,39.10759882137233,39.780253702009865,34547800
2021-09-01,39.20126724243164,39.388586463413,38.67335905658261,39.32898445018264,32900100
2021-09-02,39.88242721557617,39.907970002253506,39.27789077839937,39.5759007831864,26106300
2021-09-03,39.88242721557617,40.044203611308355,39.45669678127159,39.93351603699629,20817200
2021-09-07,39.8057975769043,40.444393259956236,39.6269915651855,40.01014962462978,26236900
2021-09-08,39.6014404296875,39.83985166267787,39.380062050552,39.6014404296875,15839600
2021-09-09,39.19274139404297,39.78025145192845,39.039478183122,39.56738624210104,21695300
2021-09-10,38.81809997558594,39.46520878733879,38.74998154905124,39.39709360886945,20801500
2021-09-13,37.958126068115234,39.0224521254572,37.634570037224975,38.94582051940596,37086200
2021-09-14,38.068817138671875,38.537119997334614,37.93258352073243,38.0347579221706,24100200
2021-09-15,38.11990737915039,38.63078265338018,37.864469742035496,37.94110135797654,28674600
2021-09-16,37.864471435546875,38.30723154211277,37.48982651949408,38.21357031309957,22424200
2021-09-17,37.37062072753906,37.85595321116432,36.87677506352818,37.60902875512599,56370500
2021-09-20,37.63457489013672,38.017732969800456,36.94489034674199,36.94489034674199,41873000
2021-09-21,37.39616012573242,38.08584460479672,37.33655812424031,37.677143773965625,23645600
2021-09-22,37.42170715332031,37.7963487795032,37.31953275491872,37.455766368809364,22616700
2021-09-23,37.626060485839844,38.077337025306,37.592004514311,37.70269210589516,19719200
2021-09-24,37.41318893432617,37.81337657700036,37.30250136138406,37.52387975533368,16150700
2021-09-27,37.0981559753418,37.574975310624545,37.047067145397435,37.39616602985227,19955900
2021-09-28,36.64687728881836,36.85122608240697,36.12748562901026,36.672420076000556,28512200
2021-09-29,37.064090728759766,37.200324338393834,36.680935934708955,36.80013993713058,18037200
2021-09-30,36.621334075927734,37.50685424456558,36.587278106415326,37.285475826439,21103300
2021-10-01,36.553218841552734,36.69796564397407,35.505922262871984,36.204119981992484,38483000
2021-10-04,36.11896896362305,36.91082784171689,35.940162958392946,36.55321583125669,28906500
2021-10-05,36.03383255004883,36.43402029596713,35.99977332740339,36.21263859683802,19342600
2021-10-06,35.77838134765625,35.93164454354191,35.49739773917754,35.812440557423066,30483800
2021-10-07,36.391441345214844,36.57876053993531,35.940164846508786,36.204118902428725,19778300
2021-10-08,36.14451599121094,36.53618722715541,36.05085477216648,36.38292400473095,12778600
2021-10-11,35.81244659423828,36.289262619089335,35.76987095082038,36.14451582527828,11984200
2021-10-12,35.63363265991211,35.940159063122,35.47185627958029,35.897586673357324,16222300
2021-10-13,35.26750946044922,35.6847267370043,34.858808611941626,35.5484931208351,28205700
2021-10-14,35.480377197265625,35.72730165905096,35.352660000114,35.38671921858077,17590300
2021-10-15,35.32711410522461,35.78690052184978,35.233452886706246,35.67621294366041,23550300
2021-10-18,35.18236541748047,35.50592148079617,34.94395739612453,35.29305624799531,21733000
2021-10-19,35.83799743652344,35.93165867618853,35.36969448626427,35.42078007294247,17159800
2021-10-20,36.44252395629883,36.70647799073865,35.84650070799093,35.86353031486434,22788300
2021-10-21,36.493614196777344,36.68944981134289,36.127485754917465,36.663907024071676,22142300
2021-10-22,36.74905014038086,36.77459292648903,36.29777692945453,36.45955332158189,17183000
2021-10-25,36.74053955078125,36.817171162572706,36.246690664110645,36.78311194665081,22846200
2021-10-26,37.089637756347656,37.259927336899096,36.54470005516019,36.893802140261066,29729100
2021-10-27,36.5872802734375,37.08964239423967,36.340355803469365,37.004494345251025,22317500
2021-10-28,36.766082763671875,37.18329679530803,36.561730713844014,36.570247141955726,18023400
2021-10-29,37.24290466308594,37.319536281144245,36.493618091856476,36.68945372732418,30307500
2021-11-01,37.15775680541992,37.71120774399829,36.987463959083044,37.58348729722916,32681500
2021-11-02,38.69890594482422,39.2012681016814,36.65539809535558,38.38386626112042,69248000
2021-11-03,38.16248321533203,39.158694312312946,37.87298633437056,38.75850658767225,44593100
2021-11-04,37.66429138183594,38.196833341183684,37.200469058945465,38.04222480802807,38172500
2021-11-05,41.75282287597656,41.92461049838389,39.98341593536089,41.30617636834805,173959100
2021-11-08,41.5123291015625,41.90743840546442,40.88530368359944,41.7528298471416,57423300
2021-11-09,40.62761306762695,41.55526417147812,40.498774820920545,41.51231808924265,29920400
2021-11-10,42.10499954223633,42.26819603378879,40.713525579599334,40.713525579599334,42696200
2021-11-11,43.101356506347656,43.376215431111724,41.855900160436015,42.28536763995197,42370400
2021-11-12,42.71482849121094,43.36762079366143,42.57739905015447,43.30749234140891,27780600
2021-11-15,42.6461181640625,43.03263623935805,42.40561416924401,42.71483125074168,27763200
2021-11-16,42.60317611694336,43.08418091262889,41.99333303288683,42.49151692233725,31297200
2021-11-17,43.69401550292969,43.882982221032776,42.68047210386553,42.89520581931851,36889800
2021-11-18,44.15784454345703,44.415524366693646,43.47069725596716,43.89157353605239,32872600
2021-11-19,43.633888244628906,45.38611606557191,43.53081698356647,44.630252505769306,47966200
2021-11-22,43.97746276855469,44.20937555960663,43.273136489023436,43.762729066829884,27287900
2021-11-23,43.87439727783203,44.19220228072881,43.204425812290054,43.44492981791547,24946200
2021-11-24,43.71119689941406,44.089130355558765,43.556588354005164,43.96028880885913,18556800
2021-11-26,46.382484436035156,47.189882059613375,45.73828326331245,46.41684261829209,66561300
2021-11-29,45.0081901550293,47.84267467502915,44.759098247183815,47.370261134458616,72660800
2021-11-30,46.150569915771484,46.77759197420228,44.58730872317383,44.93088397989756,64598400
2021-12-01,46.96656036376953,47.38743662782235,44.54436421977579,45.06831503045823,59810400
2021-12-02,45.55790710449219,47.310135056951864,45.325994292262834,46.22787526654819,46361700
2021-12-03,46.6143913269043,46.73464167294361,45.60943592136279,46.133386666170836,37574800
2021-12-06,44.21796798706055,46.28800095227568,44.02041335446385,46.19351758960409,53724000
2021-12-07,44.42411422729492,45.094082403064505,43.29032041757257,44.020413774420106,41575400
2021-12-08,44.149253845214844,45.59226469601998,43.83144558262068,45.30881461477273,37429200
2021-12-09,44.733333587646484,45.3947106130812,44.24373765367804,44.24373765367804,38325700
2021-12-10,45.3345832824707,45.394708463754355,43.900163562451276,43.9774678350412,26079400
2021-12-13,47.413204193115234,47.8684386133614,45.90147702804172,45.90147702804172,54923200
2021-12-14,47.70524597167969,48.0574091558124,46.65734432673894,47.043865693854514,48685700
2021-12-15,50.505374908447266,50.60844618603384,48.005874310079236,48.19484104946864,75202900
2021-12-16,52.60976028442383,52.76436882167152,49.603488268171034,50.12743905811304,75183600
2021-12-17,51.089447021484375,52.55822490153322,50.41947885372383,51.47596837849107,104192100
2021-12-20,52.412208557128906,53.004872464960826,51.39007719465965,52.05145419141369,55712200
2021-12-21,50.63421630859375,51.5704555416428,49.096721951064026,51.544685264892045,63877900
2021-12-22,51.149574279785156,52.0428673908068,50.00719252997476,50.891894456838024,62594900
2021-12-23,50.42806625366211,51.60480940388658,50.084494266005315,51.38148449916193,39203200
2021-12-27,50.84894943237305,51.003557984699704,50.015781486676815,50.548320235481526,27362600
2021-12-28,49.826812744140625,51.06368111295802,49.0280062913816,50.72010583793615,36901700
2021-12-29,49.457481384277344,49.84399953264368,49.01942267714899,49.22556852931124,26170200
2021-12-30,50.16180419921875,50.45384222381128,49.41452840664036,49.603495150958146,24559000
2021-12-31,50.72010803222656,51.36430924332998,50.19615718961017,50.27346146600565,28579600
2022-01-03,48.658660888671875,50.29063514864443,48.39238990382293,50.247689061172395,57219200
2022-01-04,46.83771896362305,48.46969658129646,46.33094724247828,48.2893210390017,66993100
2022-01-05,47.78254699707031,48.478282134008886,47.55922209943893,47.96292253060428,52956400
2022-01-06,47.10399627685547,47.78255572397751,46.803370332726494,47.378855219081125,37000400
2022-01-07,47.859859466552734,47.902805561433,46.92362018122418,47.550642340891635,27703400
2022-01-10,48.30649948120117,48.32367529555189,47.01809715084446,47.851261763069736,34044700
2022-01-11,48.693016052246094,49.328629290580096,47.93715573429531,48.74455332343311,33576600
2022-01-12,48.658660888671875,49.096716223408976,48.014459746861974,48.39238990382293,27608500
2022-01-13,47.70524597167969,48.744556432586386,47.43038706097009,48.55558970275729,28117900
2022-01-14,47.1984748840332,47.56781716469162,46.82054141922364,47.224241883333235,27072500
2022-01-18,46.476966857910156,46.85489702535442,45.89289087767486,46.81195093669111,35598000
2022-01-19,45.98737335205078,46.80336212722765,45.91006908331663,46.08185671123436,27300400
2022-01-20,46.4254264831543,46.82912689808019,45.58367075061357,46.34812221809564,35105300
2022-01-21,45.343177795410156,47.129760826933726,45.05972768291125,46.743239435606526,41059000
2022-01-24,44.269500732421875,44.716147225183065,42.792131816102284,44.449876255486124,59036400
2022-01-25,45.12843704223633,45.38611683756356,44.01182241143407,44.114893674249686,43983200
2022-01-26,45.532135009765625,46.05608579312727,45.05972149703143,45.15420485489356,39644800
2022-01-27,46.18989181518555,47.23710755674947,45.86967051150324,45.88698021730888,36957200
2022-01-28,47.02074432373047,47.3149994375932,45.95621880533363,46.53608243330138,28590400
2022-01-31,45.60137939453125,46.85630512306684,45.3417403855385,46.73514047230283,38644600
2022-02-01,45.930259704589844,46.008151741627444,45.34174282508118,45.644657769778185,27883300
2022-02-02,46.61397171020508,46.84764778813515,45.393665504229475,45.73119651629886,32039300
2022-02-03,46.19854736328125,46.639933296984786,45.94756158652398,46.15527475040659,22635800
2022-02-04,45.86967086791992,46.24182129191083,45.549449561749434,45.886980573860065,24932200
2022-02-07,46.051414489746094,46.371639074192025,45.21191527218287,46.12930651008583,32358500
2022-02-08,44.744564056396484,44.83110928008748,43.00497666740503,43.82716949842411,67922000
2022-02-09,44.54551696777344,44.76188337495868,44.052201823510245,44.6926445399445,38522200
2022-02-10,43.79255294799805,44.458961778698786,43.61080598548572,44.17335988067782,34200600
2022-02-11,43.948333740234375,44.346450349532866,43.34251057682312,43.558876935609604,34997800
2022-02-14,43.10017395019531,43.706000358030025,41.95775994753023,43.1174836534464,42973100
2022-02-15,43.09152603149414,43.307892396422524,42.58955448014571,43.10017923343624,29150000
2022-02-16,42.99633026123047,43.94834107825199,42.779963866317466,42.91843822700222,27672600
2022-02-17,42.32126235961914,43.23865363524233,42.19144121988554,43.108835796997454,21231700
2022-02-18,42.001041412353516,42.857853745786386,41.7154395022019,42.217407796388294,26955300
2022-02-22,41.13557815551758,41.81064355612365,40.9797940862615,41.14423466019247,34814800
2022-02-23,40.56435775756836,41.680808788879226,40.48646574837253,41.18749383113501,25793000
2022-02-24,39.77678680419922,40.46915842582595,39.29212831980466,39.690241589554,44227300
2022-02-25,41.30001449584961,41.5683066864635,39.58639321118253,39.646975531739784,31199200
2022-02-28,40.62495040893555,40.82400708279135,40.1056724163977,40.52109547072577,35296100
2022-03-01,39.59504699707031,40.79804352513652,39.32675150101317,40.40858338617903,29854500
2022-03-02,41.28270721435547,41.48176389380431,39.811415125506336,39.90661686382732,36516200
2022-03-03,41.39521789550781,42.05297024582574,41.092302979034706,41.265396745378055,30553300
2022-03-04,42.10490036010742,42.20875530176944,41.031721624636305,41.10961365625509,33217300
2022-03-07,41.52503204345703,42.26933286135939,41.1269187273893,41.7587081119721,33171300
2022-03-08,41.05767822265625,41.90583393573075,40.2181790125914,41.17884615437137,32913300
2022-03-09,42.19144821166992,42.598218102187204,41.54234900841346,41.65486046139491,24718900
2022-03-10,42.580894470214844,42.65878648119495,41.58560803007882,41.81063086246055,24542300
2022-03-11,43.50695037841797,44.05219455902761,42.355879697296366,42.528973454798184,33701900
2022-03-14,45.22057342529297,45.79178053650027,43.61080702966632,43.89641223601444,42314500
2022-03-15,45.185951232910156,45.80043092203035,44.29452285851076,45.540791942267184,30172100
2022-03-16,45.80043029785156,46.10334518802102,45.15998770992978,45.47155580199495,29891400
2022-03-17,46.94285202026367,46.951505222949145,45.687926335573685,45.80043447792986,30598600
2022-03-18,47.17652893066406,47.600608532059525,46.48415710322288,47.06402077847876,51815000
2022-03-21,46.89958190917969,47.860249299172274,46.648599382357816,46.94285783243222,34592500
2022-03-22,45.904293060302734,47.012087895662034,45.436940876077145,46.908232955219354,32253600
2022-03-23,45.16864776611328,46.302408872844275,45.142684854997576,45.88698578754699,29183700
2022-03-24,45.514827728271484,45.73984729054355,45.25518875596104,45.471555116467854,25177500
2022-03-25,45.67927169799805,46.08604157210631,45.44559559807346,45.64465558435263,17429600
2022-03-28,46.112003326416016,46.354335924792125,45.43694125566548,45.46290416562079,21863700
2022-03-29,45.644657135009766,46.80438116950307,45.540798886077766,46.73514233688174,39970000
2022-03-30,45.385009765625,46.492807853912154,44.978243224435005,46.042765396403134,27599600
2022-03-31,44.805152893066406,45.765820202675066,44.77918998247887,45.00420957771221,26055200
2022-04-01,44.63205337524414,45.142678127183935,44.225283553778404,45.10805871652968,19073100
2022-04-04,44.08681106567383,44.89169423902763,43.59349599832651,44.81380221252601,20462800
2022-04-05,44.34645080566406,45.13402422768801,43.92237128542563,43.97430040060442,21176700
2022-04-06,45.75715637207031,45.94755982319821,44.27721127872694,44.27721127872694,31717500
2022-04-07,47.73907470703125,47.95544107232807,45.43693671233261,45.43693671233261,36305700
2022-04-08,47.74773406982422,48.102578124125316,47.133254305452915,47.47078535062901,24612200
2022-04-11,46.674556732177734,48.74301883992428,46.54473558087178,47.99871794894674,22054300
2022-04-12,45.964874267578125,46.67455572942886,45.566760920976776,46.12931152774244,22810700
2022-04-13,45.956214904785156,46.57935109652095,45.61003069942318,45.98218111376664,15777800
2022-04-14,45.97352600097656,46.657244531870425,45.904290478405294,46.21585858369813,17240100
2022-04-18,44.86573791503906,45.96487964965112,44.68399092702564,45.72255033229988,17065000
2022-04-19,43.42906188964844,44.90035399600843,42.72803360034156,44.709950517100346,33441500
2022-04-20,43.05691146850586,43.41175221488022,42.589559275284294,43.27327785779483,24751800
2022-04-21,42.503021240234375,43.28193839273086,42.33858064356527,43.21270285320412,19105600
2022-04-22,41.654850006103516,42.49434918658973,41.455793363246435,42.36453135941604,22156800
2022-04-25,42.364532470703125,42.57224232022496,40.78072918602863,41.41251853901438,27390600
2022-04-26,42.43376922607422,43.48963811336257,42.338567499975944,42.39915311780191,25366500
2022-04-27,43.048255920410156,43.19538347239669,41.72409144508677,42.50301172468876,25819200
2022-04-28,43.71466827392578,43.93969119044767,42.83189622138431,43.65408594289822,28225400
2022-04-29,42.468387603759766,43.567529075793416,42.407805288894714,43.16075927470932,28343300
2022-05-02,41.836612701416016,42.200106716186475,41.07500194950544,41.26540546285551,36228400
2022-05-03,42.65879821777344,43.30789738736285,41.28270784618432,42.29530096602903,33716900
2022-05-04,42.97901153564453,43.16075847688008,41.46444708903796,42.312602782959026,28613700
2022-05-05,41.93180847167969,42.88381929953643,41.15288812053201,42.805927264421655,28333000
2022-05-06,42.44243240356445,42.59821647049797,41.576966832373444,41.62023945063517,19891400
2022-05-09,42.09624481201172,42.554940507803536,41.34329069025233,41.87122521638435,25012300
2022-05-10,42.83189392089844,43.18673468421126,42.13951880093163,42.44243374128942,27335900
2022-05-11,42.79726791381836,43.48098642367376,42.43377070166547,42.468390112630274,29699500
2022-05-12,43.96644973754883,44.00135146930694,42.509337384977215,42.75364285045932,33468400
2022-05-13,43.556365966796875,44.31546371143219,43.34696221741737,43.95772925519733,22423700
2022-05-16,44.21075439453125,44.54231418334527,43.512736414195636,43.512736414195636,19435600
2022-05-17,44.795352935791016,44.95240741913606,43.783225892241134,44.455069331347666,19918200
2022-05-18,43.975181579589844,44.86515253656265,43.76577449485862,44.690650515768105,22276000
2022-05-19,44.19330978393555,44.402713527697145,43.26843381848642,43.62616826512394,19865500
2022-05-20,45.78129959106445,45.98197955492873,44.61211821102872,44.73427094308416,31250400
2022-05-23,46.13903045654297,46.85449925627155,45.79001982468959,45.877274146858966,24035800
2022-05-24,46.60146713256836,46.775972450060195,45.99070018555298,45.99070018555298,26729800
2022-05-25,46.86322784423828,47.15988591330178,46.28736257234,46.41824240484923,24003900
2022-05-26,47.107540130615234,47.91898383564518,47.011562023457756,47.16861650273133,23516300
2022-05-27,47.0377311706543,47.47399282251658,46.69744761474769,47.04645493919015,21407500
2022-05-31,46.27863693237305,46.67999685416939,45.31885929907173,46.522942392873034,66058200
2022-06-01,45.69404602050781,46.48804212045785,45.23160971907685,46.461867485557946,17430600
2022-06-02,45.96453094482422,46.016883544736714,44.533593164674244,45.69404750456173,21903400
2022-06-03,46.418243408203125,46.70617438616984,45.772574657433495,45.772574657433495,18125000
2022-06-06,46.4705924987793,46.871955772329,46.243737890609864,46.40951613010243,16544400
2022-06-07,47.08135986328125,47.090086960821246,46.252462002843465,46.48804371023605,15091200
2022-06-08,46.65382766723633,47.604878314611426,46.60147506455427,47.16861661083225,12789800
2022-06-09,45.179256439208984,46.81087744387448,45.10945630439158,46.47931765035792,17572700
2022-06-10,43.599998474121094,44.82152932423448,43.582547605466395,44.76918004668324,23826000
2022-06-13,41.80258560180664,42.997941431631176,41.6280802993681,42.596581565910796,26989000
2022-06-14,41.81131362915039,42.29120409185367,41.20055000100465,41.662986270432754,23290300
2022-06-15,42.326107025146484,42.736194072306816,41.16565267900423,41.776419700958705,25748000
2022-06-16,41.42740249633789,41.88111497463925,41.06094433794755,41.61063157553306,20424500
2022-06-17,40.5985107421875,41.907295777883164,40.38037990290489,41.340157592795855,45047700
2022-06-21,41.97709655761719,42.26502751626858,40.96496966125705,41.28780235077899,19622100
2022-06-22,42.81471633911133,43.25970506808724,41.680436760510084,41.90729134486549,20382900
2022-06-23,43.70469284057617,43.77449297477673,42.736191431502796,42.95432225954951,20061700
2022-06-24,45.01347351074219,45.05709900650349,43.88791774667595,44.19330287382901,24343200
2022-06-27,45.26651382446289,45.571895675680324,44.72554693314551,44.91750314157507,16154300
2022-06-28,44.20203399658203,45.345040814824976,43.98390315306782,45.22288807500303,16417900
2022-06-29,44.44633865356445,44.88260033251805,44.20203317844243,44.26310954722293,13925700
2022-06-30,45.746402740478516,46.14776271103072,44.57722123569533,45.10073395133624,33495700
2022-07-01,45.64169692993164,45.694046199937006,44.71682099502558,45.40611522967031,16143300
2022-07-05,45.05710220336914,45.27523302606431,43.97517518671192,45.15308029790097,18406800
2022-07-06,46.02560043334961,46.208829513033166,45.00474985075952,45.05709911443368,21305500
2022-07-07,46.610198974609375,46.71490418028906,46.060511622648,46.20011523514159,17847600
2022-07-08,46.39206314086914,47.046455628246996,46.03432871423908,46.28736127484413,11322700
2022-07-11,46.14775848388672,46.88940531292446,46.025605749987236,46.243736582925564,12921400
2022-07-12,45.40612030029297,46.051785777486565,45.11818596945948,45.97325853529677,14633500
2022-07-13,45.187984466552734,45.641697001649064,44.9436756686317,45.249060833929896,12927300
2022-07-14,44.8389778137207,45.01348316259556,44.17586148209147,44.2805633600513,14023800
2022-07-15,45.15308380126953,45.292687405489616,44.001353234350724,44.53359301556869,19885700
2022-07-18,44.28056335449219,45.345042986923765,44.079883368255736,45.33631588885414,15742900
2022-07-19,44.8215217590332,44.94367449058571,44.15840550414293,44.53359079586121,13402100
2022-07-20,44.341636657714844,44.900051072657085,44.07115321929675,44.83897470404856,12774400
2022-07-21,44.603397369384766,44.62084823761329,43.7832265331208,44.12351014254508,15103800
2022-07-22,44.69936752319336,44.96112384319862,44.45506206831007,44.72554215667023,10932100
2022-07-25,45.17053985595703,45.26651796895934,44.795354502445925,44.795354502445925,12995800
2022-07-26,45.632965087890625,46.11285220737963,45.118176239752074,45.23160519365705,16632500
2022-07-27,45.32759094238281,45.589347294660065,44.66447129964034,45.31886384453976,19203500
2022-07-28,44.597774505615234,46.013437803057215,43.17331639339713,44.71208026379249,38984900
2022-07-29,44.413124084472656,44.58898349838264,43.33159321714935,44.45709145362965,25037900
2022-08-01,44.50105285644531,45.107764276870995,44.09657857616152,44.24605688895544,19709900
2022-08-02,43.69210433959961,45.25724946358733,43.63934886238794,44.75605230464007,17802000
2022-08-03,43.841583251953125,44.026234119021716,43.38435013761244,43.780032962930264,16500100
2022-08-04,43.841583251953125,44.00864784298101,43.27004102046747,43.87675580403453,17026300
2022-08-05,43.32279968261719,43.93830592472697,43.138148816256006,43.64813740252582,16376600
2022-08-08,43.58659362792969,43.79762561691002,43.03263759181602,43.42832047475435,16071800
2022-08-09,43.771240234375,44.0614087715202,43.542625343426124,43.744862496176104,12095600
2022-08-10,43.92072296142578,44.00865099368512,43.4195257982208,43.903136684126025,17355100
2022-08-11,42.461097717285156,43.19970463145691,42.03903710264981,42.399547420624145,44048800
2022-08-12,44.061405181884766,44.30760632965494,42.68970588522435,42.68970588522435,25835500
2022-08-15,43.74485778808594,44.026231479388784,43.4283115468105,43.93830345869626,15797800
2022-08-16,43.841583251953125,44.12295696012598,43.40193641365314,43.419522689693835,12874800
2022-08-17,43.32279968261719,43.84158308399325,43.30521340664386,43.65693221763207,13607200
2022-08-18,42.716087341308594,43.54262216892862,42.54022793957863,43.42831305466827,18916300
2022-08-19,43.21728515625,43.481072585999655,42.847980071209165,42.94470291143984,15350200
2022-08-22,42.99746322631836,43.43711007585438,42.8567763686364,43.27004212631756,13601200
2022-08-23,42.21488571166992,42.663327341463116,41.99506230411142,42.575395965896305,16248900
2022-08-24,41.704898834228516,42.21488741615142,41.66093482178951,42.11816793048127,15551500
2022-08-25,42.11817169189453,42.16213570825979,41.56421569382178,41.78403912988754,14460000
2022-08-26,41.16852569580078,42.170919853678726,41.063011403981754,41.871959898325755,16546700
2022-08-29,40.649749755859375,41.05422407679581,40.55302690645295,40.78164516036622,13400500
2022-08-30,40.315616607666016,40.75526347734281,40.27165259154622,40.74647201581462,16303000
2022-08-31,39.770450592041016,40.70250304993679,39.6825225704942,40.456298551975465,26416800
2022-09-01,41.001468658447266,41.01905493602324,39.69131949007283,39.69131949007283,19947600
2022-09-02,40.18372344970703,41.150945194592154,40.03424177394008,41.09818971840092,14667700
2022-09-06,40.236473083496094,40.83439299126627,40.03423596090307,40.41233247182359,17153500
2022-09-07,40.56181716918945,40.6321589172548,39.90234692916123,40.18372062990081,15378900
2022-09-08,41.39715576171875,41.43232496623624,40.3332076618691,40.46510308008909,18271000
2022-09-09,42.06541061401367,42.19730601030755,41.41473180213074,41.502663184406416,17501700
2022-09-12,41.99506378173828,42.513847175999686,41.93351349379533,42.276440839213514,13744800
2022-09-13,40.61457443237305,41.608177243677076,40.465096114744256,41.4411126496968,16603200
2022-09-14,40.579402923583984,40.80801779465902,40.2540618609631,40.623366934840064,17162500
2022-09-15,40.39475631713867,40.702511162369305,40.183727681670504,40.544238008648335,15802000
2022-09-16,40.4738883972168,40.99267182027705,40.13096438700124,40.526647227341996,30629500
2022-09-19,39.955101013183594,40.3419923539351,39.37476735629531,40.16613295852432,16256200
2022-09-20,39.3659782409668,39.80562507856405,39.0758097181178,39.568215383752836,15369000
2022-09-21,38.61857604980469,39.5506285396493,38.600993128283825,39.40115022704809,17505200
2022-09-22,39.19012451171875,39.56822111515832,38.266866689879656,38.39875874771972,18508100
2022-09-23,38.7592658996582,39.18132645130149,38.31961907241656,39.07580879771134,18871700
2022-09-26,38.53944396972656,38.979090813893706,38.398753759523416,38.52185769345117,18680200
2022-09-27,38.7680549621582,39.198910302067645,38.4603035438221,38.88236406935685,21562700
2022-09-28,39.067012786865234,39.40114527583915,38.88236194594756,39.27804136098866,16532600
2022-09-29,38.8296012878418,39.234075497637164,38.644950455661984,39.04942466545735,13559900
2022-09-30,38.47789001464844,39.2252916562353,38.45151227756816,38.83840028978213,22962300
2022-10-03,38.81201934814453,38.93511991667417,38.24048051507994,38.75046906387971,22834300
2022-10-04,39.0933952331543,39.427527762411096,38.76805751885219,38.908744369975196,28198800
2022-10-05,38.79444122314453,39.014264671480504,38.407553161599495,38.79444122314453,15673400
2022-10-06,37.888763427734375,38.49547483734824,37.84479941618075,38.47788856187898,22068200
2022-10-07,37.211708068847656,37.85359204928192,36.859989257046244,37.85359204928192,20095000
2022-10-10,36.710514068603516,37.47549869204366,36.710514068603516,37.23808897699545,17888000
2022-10-11,36.8599853515625,37.43152752162249,36.44671964885829,36.6313704960818,20981200
2022-10-12,36.95671081542969,37.93272729777895,36.859987977829086,37.00946964164067,18803600
2022-10-13,37.79204177856445,37.95031490852744,36.66654694704027,36.71930242086847,23135200
2022-10-14,37.6865234375,38.143756502361136,37.246876646776464,37.71290117158699,16980500
2022-10-17,38.381168365478516,38.52185521238124,37.97669074567404,37.97669074567404,16678400
2022-10-18,38.7680549621582,39.0054646366913,38.35478589675924,38.732882413137254,18442800
2022-10-19,37.90635299682617,38.75047416726087,37.58101525797435,38.609787305521756,23054700
2022-10-20,37.730491638183594,38.170138477758904,37.65135507289047,38.047037899356084,17715000
2022-10-21,39.524253845214844,39.70890472354816,37.80083893895845,38.08221266429666,36575700
2022-10-24,40.043033599853516,40.3331987599596,39.55942276351732,39.63855932613517,24972000
2022-10-25,40.086997985839844,40.28923512458766,39.47149175464613,39.80562428373514,23127000
2022-10-26,40.50027084350586,41.01905428391139,40.11337945146412,40.37716690243113,21407900
2022-10-27,40.21889877319336,40.54423653098947,40.1661399391293,40.28044906914831,20377700
2022-10-28,41.704898834228516,41.78403539831438,40.385958335623535,40.42992234806254,27854000
2022-10-31,40.93112564086914,41.669732565626106,40.922334178751406,41.39715363486081,29961700
2022-11-01,42.21488571166992,42.575395965896305,41.678519414787935,42.20609425123274,30614500
2022-11-02,41.38834762573242,42.35556920061816,41.282833337655866,42.003853788950046,25813100
2022-11-03,41.29966735839844,41.503637825419936,40.936067241884025,41.11343389498588,20124600
2022-11-04,41.876102447509766,42.15988770073326,41.33513575136902,42.09780988802731,24528500
2022-11-07,41.76081848144531,42.25744442375976,41.459296192002164,41.82289630136118,20304400
2022-11-08,41.99139404296875,42.34612735304795,41.45929746083752,41.71647894149556,18054500
2022-11-09,41.43269729614258,42.12442359044,41.414960290777536,41.82290126520997,15348100
2022-11-10,42.018001556396484,42.34612767174732,41.547979409556,42.15102401143664,20480600
2022-11-11,42.213104248046875,42.301789272800136,41.06909618412595,41.74308545731182,20909800
2022-11-14,43.66750717163086,44.18186677105173,42.50575874731982,42.558969760909996,26143000
2022-11-15,43.07332229614258,43.92467807603357,42.72745922199856,43.75618163511363,25440500
2022-11-16,42.612178802490234,43.507878954484305,42.612178802490234,43.27730127094634,15822200
2022-11-17,42.86049270629883,43.01125217255407,42.15102604654691,42.390470536765015,13231100
2022-11-18,42.77180862426758,43.303908630799555,42.45254929694595,43.13540877305324,20666500
2022-11-21,42.72747039794922,42.816152046263575,42.31952940292233,42.656522372907304,14736000
2022-11-22,43.525611877441406,43.67637133231795,42.78067464731689,42.86935628159868,16358600
2022-11-23,43.32163619995117,43.649765675510956,43.028984112788564,43.41918802333449,10710800
2022-11-25,43.64089584350586,43.64976603642533,43.31276974822035,43.3925845695587,6760200
2022-11-28,43.96016311645508,44.11092597659343,43.50788130201604,43.6142999554744,20704000
2022-11-29,43.889217376708984,44.04884366140749,43.543350841396474,43.89808418803027,17160900
2022-11-30,44.456783294677734,44.456783294677734,43.49013858009011,44.02223516043718,35572700
2022-12-01,45.299278259277344,45.37022290049234,44.58981154919951,44.61641874976962,23592600
2022-12-02,45.14850997924805,45.52098029562254,44.767172852406645,44.8381208680923,16881600
2022-12-05,44.98888397216797,45.25493228657056,44.651887636331175,45.14851363740709,17959800
2022-12-06,44.08431625366211,45.09530186114206,43.614297460041236,44.93567219859388,21787100
2022-12-07,44.55434036254883,45.361355521325066,44.119792177213334,44.119792177213334,15929900
2022-12-08,45.92005157470703,45.99986640178308,44.35923242442701,44.501125074452474,26116800
2022-12-09,45.866844177246094,46.86009273244677,45.787029349766456,45.89344799207676,19933500
2022-12-12,46.257049560546875,46.638386705595835,45.89344942026621,46.22157555101029,18532200
2022-12-13,47.064064025878906,47.92429013891589,46.89556755737162,47.09066784117277,29461800
2022-12-14,48.31449508666992,48.71356923925284,46.913305530141606,47.12614282286065,36260300
2022-12-15,47.5429573059082,48.270157642375985,47.356723816005285,47.95089829797784,21627100
2022-12-16,45.58305358886719,47.12613556385094,45.58305358886719,47.01084674131028,65689500
2022-12-19,45.54758834838867,45.94666251628687,44.96228069646728,45.68948100997604,16081900
2022-12-20,45.512107849121094,45.680604303551824,45.08642992504286,45.41455602387636,12433800
2022-12-21,45.813629150390625,46.257044067983635,45.40568823812202,45.769288335228794,12925000
2022-12-22,45.7958984375,45.8491094527948,45.18398698505499,45.591927953351664,14822300
2022-12-23,45.964393615722656,46.07081225249208,45.441163859040735,45.72494914575085,10666500
2022-12-27,45.3436164855957,46.053079772046985,45.272668465456675,45.99100194591924,12033800
2022-12-28,45.050960540771484,45.57419034377304,45.00661972010785,45.27266802707744,10053900
2022-12-29,45.52098083496094,45.82249975623463,45.21945853069962,45.24606234540315,8971300
2022-12-30,45.44116973876953,45.58306240048438,45.00662155933712,45.48551056124519,11396200
2023-01-03,45.458900451660156,45.5209816587379,45.06869650266727,45.2371929704849,15603800
2023-01-04,44.456783294677734,44.90019823929614,43.91581652096527,44.598675941636124,21808400
2023-01-05,44.039974212646484,44.33262971354117,43.383718575571784,44.10205203714153,20057400
2023-01-06,45.157379150390625,45.76042378329345,43.951293267572744,44.32376022043096,29635900
2023-01-09,42.913692474365234,44.57206321423884,42.84274785118229,44.385829772523074,30839100
2023-01-10,42.23084259033203,42.984650101160746,42.0180052901598,42.878228068086734,29212000
2023-01-11,42.08008575439453,42.33726727595469,41.55685589945646,42.30179326270748,23022200
2023-01-12,42.3106575012207,42.319527695487075,41.30854206034558,41.92045352819757,23345300
2023-01-13,42.434810638427734,42.70972913357401,42.11555470653271,42.12442151728492,18737500
2023-01-17,40.86512756347656,41.45043522156338,40.536998031421696,41.27306854696387,29391400
2023-01-18,39.907344818115234,40.661148867040176,39.88074100412584,40.39510057818358,33835000
2023-01-19,39.87187194824219,40.14679043826296,39.58808664763451,39.65903466428025,26614900
2023-01-20,40.0048942565918,40.288679532148784,39.66789797324762,40.15565370417449,25197600
2023-01-23,39.88960647583008,40.19112876187897,39.74771383433574,39.942817485010735,19398600
2023-01-24,39.6501579284668,39.86299856029787,39.153535425839436,39.836391366952064,18853100
2023-01-25,39.969425201416016,40.00489921100075,39.54374723536242,39.93395119183128,20828000
2023-01-26,39.60248565673828,39.64723354529281,39.0297044895321,39.55773776818375,38465500
2023-01-27,39.19080352783203,39.68303717910958,39.1818519008014,39.575641553059754,23798600
2023-01-30,38.976009368896484,39.504042707077275,38.84176568809858,39.19080403783674,24402200
2023-01-31,39.52193832397461,39.629333939945624,38.21528085185125,38.48377159880131,49722500
2023-02-01,39.35189437866211,39.539837557246614,38.85070915505839,39.29819486447581,24482300
2023-02-02,39.68302917480469,39.79042477919218,38.93125311600284,39.04760034561537,35279200
2023-02-03,39.43244171142578,39.72778050260404,39.271346583857635,39.70093245269101,23742000
2023-02-06,39.1639518737793,39.647237309763945,39.13710382090639,39.548789897169435,18071200
2023-02-07,39.011810302734375,39.28925271443618,38.70751983681952,39.21765335114066,22999500
2023-02-08,39.360843658447266,39.468239275688255,38.95810582623716,38.97600566478484,19362300
2023-02-09,38.788063049316406,39.67408629315818,38.69856726931206,39.48613969267679,20809200
2023-02-10,39.2713508605957,39.360846646082074,38.71646606563501,38.93126073046582,18619600
2023-02-13,39.36979675292969,39.38769317809965,38.94020743985517,39.09235436616182,17878000
2023-02-14,39.128150939941406,39.55773680488489,39.00285548942185,39.45928940403524,17506900
2023-02-15,38.77016067504883,39.02970319975133,38.582217500903546,38.85965644920041,18994700
2023-02-16,38.439029693603516,38.64487274544267,38.27793453754755,38.61802469078188,17832000
2023-02-17,38.67171096801758,38.814906246544474,38.107881479218086,38.385320410963786,18293400
2023-02-21,38.21528625488281,38.42112930378229,38.14368689141575,38.313733672627244,17356600
2023-02-22,37.928890228271484,38.38532415622126,37.866242501181226,38.23318065158636,17394200
2023-02-23,37.85729217529297,38.26003001616692,37.78569623360715,37.84834396284919,21104300
2023-02-24,37.36506271362305,37.633553499414816,37.15026803656229,37.61565365848929,16806100
2023-02-27,36.49693298339844,37.3471565051505,36.452185095736745,37.08761397704971,26370300
2023-02-28,36.308990478515625,36.43428593190434,35.879404603735004,36.24634275182127,31086900
2023-03-01,35.9599494934082,36.47903110655103,35.92414981966186,36.30003956590889,21104400
2023-03-02,36.35374069213867,36.49693599289078,35.62881597572593,35.85255884652893,19110600
2023-03-03,36.82807922363281,36.85492727659978,36.461141038887554,36.61328455776089,20922000
2023-03-06,36.792274475097656,36.926518135484315,36.53273195202056,36.77437463757045,19434800
2023-03-07,36.1031494140625,36.810177698213366,35.88835475802538,36.74752996812863,23205800
2023-03-08,35.90625,36.30898779472744,35.71830683380879,36.08524495477273,16756100
2023-03-09,35.315574645996094,36.30899355936341,35.18133096913681,36.16579825561963,18585100
2023-03-10,35.25292205810547,35.73620742193804,35.109726774085985,35.16342628586012,26328100
2023-03-13,35.67356491088867,36.25529434357075,35.13657995682209,35.13657995682209,35299400
2023-03-14,35.7093620300293,35.933104891335134,35.36927192491179,35.84360569838572,24583600
2023-03-15,36.04945373535156,36.27319662777861,35.315577321314485,35.58406810941783,25498400
2023-03-16,36.12999725341797,36.23739628782783,35.54826784690138,35.85255828297221,21095900
2023-03-17,35.88835906982422,36.50589164634598,35.789915063610124,36.36269632979881,57457800
2023-03-20,36.52378463745117,36.568532525345915,35.74515704909364,35.92415201471761,20825400
2023-03-21,36.3895378112793,36.61328066634473,36.07629917980571,36.56853277814064,19982000
2023-03-22,35.80780792236328,36.559584112827025,35.78991149686834,36.42534043734315,15444200
2023-03-23,35.9599494934082,36.24634005528937,35.798854375594445,35.95099786794922,16958100
2023-03-24,36.14789581298828,36.210543540487265,35.68251025582076,35.87940506455762,17218100
2023-03-27,35.99575424194336,36.35374078774244,35.77201137055196,36.28214484420073,20262800
2023-03-28,35.789913177490234,36.06735216827873,35.67356592203787,35.97785638042028,13537500
2023-03-29,36.02259826660156,36.040498103997066,35.789907208549856,35.942050705344265,14429500
2023-03-30,36.138946533203125,36.237393934663295,36.02259929383702,36.17474279497001,12634500
2023-03-31,36.514835357666016,36.54168682336418,36.04944978275885,36.291092489770946,23393600
2023-04-03,37.0070686340332,37.1144676677191,36.38059134109146,36.41638760494157,20817200
2023-04-04,36.60432815551758,37.168157625954024,36.47902930359818,37.08761007102816,19514500
2023-04-05,37.18606185913086,37.785694486494435,36.84597176322383,36.95337079185449,29697600
2023-04-06,37.14131164550781,37.67829309886108,37.0249644121315,37.526149605560754,25931800
2023-04-10,37.3471565246582,37.35610815062221,36.80122341838346,36.82807488223049,15137300
2023-04-11,37.40085983276367,37.57985481570862,37.32031226114071,37.409808045590516,15304100
2023-04-12,37.02497100830078,37.40086082385043,36.93547522147942,37.257665516509,17035100
2023-04-13,37.11446762084961,37.32031064741983,36.96232069700933,37.16816372357955,22880900
2023-04-14,36.86387634277344,37.32926195122926,36.63118524556826,37.1502669612008,20627500
2023-04-17,36.854923248291016,36.94441902442912,36.65802844393316,36.80122373418114,17608600
2023-04-18,36.29109573364258,36.98917586542368,36.27319589292557,36.9444245566084,18541500
2023-04-19,36.013648986816406,36.30003954856071,35.97784931308717,36.183692315963086,17214300
2023-04-20,35.66461181640625,35.968902253642796,35.61091571304083,35.870458259457784,20131600
2023-04-21,35.9868049621582,36.067352537673955,35.71831418178753,35.87940933281904,19227100
2023-04-24,35.71831130981445,35.977853856056996,35.539316332611136,35.96890222947196,17633700
2023-04-25,35.19922637939453,35.72725622159068,35.15447507869426,35.57511272415346,24492400
2023-04-26,34.572750091552734,35.07393194787739,34.36690705569863,35.047083895301526,22401400
2023-04-27,34.67119598388672,34.75174355213034,34.28635798161664,34.56379695019842,22434000
2023-04-28,34.80543899536133,34.823338833970176,34.56379629520961,34.63539564964499,21003600
2023-05-01,35.09183120727539,35.369273597470695,34.7785925522527,34.903888014261774,23917800
2023-05-02,34.957584381103516,35.906251887388926,34.572746403029065,35.16342739499648,38834100
2023-05-03,34.41165542602539,35.25292742086042,34.33110785313355,35.08288406210894,27721900
2023-05-04,34.21475601196289,34.39375097372373,34.02681283843422,34.161056499221154,23675100
2023-05-05,34.44744873046875,34.456396941780426,34.08945882519598,34.3490013358165,19221400
2023-05-08,34.60854721069336,34.66224673121509,34.322156596001655,34.483251743521414,20101700
2023-05-09,34.438499450683594,34.60854278954502,34.357951887213446,34.438499450683594,15987900
2023-05-10,34.27740478515625,34.65329455775851,34.08051339383606,34.60854325541547,15858200
2023-05-11,33.99696731567383,34.060292946889724,33.662242178117715,34.0150573951743,28566400
2023-05-12,33.78889465332031,34.12361980289058,33.68033691748065,34.02410710712581,16511600
2023-05-15,33.61700439453125,33.79793621784269,33.481304664300794,33.74365563555301,16650400
2023-05-16,33.48130416870117,33.689378005571236,33.318469326217446,33.49035265777593,25451700
2023-05-17,33.246097564697266,33.51749358931358,33.0289786744116,33.45416796526936,23206400
2023-05-18,33.0018424987793,33.273238543062774,32.72139796412653,33.20991291442956,27772400
2023-05-19,33.26418685913086,34.06028475419736,33.03802295890641,33.15562915329955,33061400
2023-05-22,35.05540466308594,35.16396236931455,33.246093454668596,33.345606123289514,85718600
2023-05-23,35.86055374145508,36.31288162104152,34.3769188485696,34.87447882591712,75379500
2023-05-24,34.94684600830078,36.31287441514359,34.919703994239896,36.27668736372052,39326400
2023-05-25,34.22312545776367,34.83828813495344,34.060287162011605,34.83828813495344,30266600
2023-05-26,34.01505661010742,34.774967618147535,33.97887300095351,34.41310736969243,20234600
2023-05-30,33.48130416870117,33.7979357175562,33.39988502196559,33.7979357175562,24371100
2023-05-31,34.39501190185547,34.575943741383576,33.3546564128097,33.5627268204213,46166300
2023-06-01,34.39501190185547,34.56689525136388,34.10552233900562,34.48547609612562,20256100
2023-06-02,34.70259475708008,34.973990789027376,34.52166291878595,34.60308207346892,22721600
2023-06-05,34.964942932128906,35.29966456285477,34.80210463588659,34.81114967412783,18392200
2023-06-06,34.711639404296875,35.15492223056523,34.63926874038866,35.10969013424913,19508200
2023-06-07,35.18206024169922,35.33585350792677,34.494523416000824,34.693545326841374,25295100
2023-06-08,35.36299514770508,35.453459346766685,35.0373185095025,35.31776304817427,17347600
2023-06-09,35.254432678222656,35.815318229159956,35.163965040337594,35.534873728197546,19775100
2023-06-12,36.095767974853516,36.24955780512257,35.27253133091416,35.290621410132154,28334600
2023-06-13,36.439537048339844,36.5209562140293,35.68867447674885,35.887696419887774,26533800
2023-06-14,35.60724639892578,36.49380850843109,35.57105934523478,36.47571498158558,22056400
2023-06-15,35.96006774902344,36.03244186889193,35.534878422266,35.65248464155831,19905900
2023-06-16,36.240509033203125,36.511905056366906,36.05052871109958,36.059577200764714,60325100
2023-06-20,35.58916091918945,36.06862741055218,35.58011587921521,35.92388261404712,26881200
2023-06-21,35.19110870361328,35.498691784837725,35.06445400464865,35.46250472799069,17982900
2023-06-22,35.03731918334961,35.272531627014246,34.74782959959933,35.227296075625475,18039800
2023-06-23,34.648311614990234,35.163965072957104,34.630218087396436,35.01922030319426,23492200
2023-06-26,33.37274932861328,33.51749410737842,32.71235105981061,33.49035553979362,56135500
2023-06-27,32.94755935668945,33.47226132583884,32.8209081092362,33.43607426914144,32414900
2023-06-28,32.8299560546875,33.05611997881571,32.594743641041106,33.01993292271817,30062000
2023-06-29,32.67616271972656,32.766630359770964,32.35048611754194,32.55855996415025,26284900
2023-06-30,33.18276596069336,33.24609157332549,32.694251133828004,32.75757674646014,30853900
2023-07-03,33.15563201904297,33.23705116820057,32.88423255452594,33.01993228678445,14115800
2023-07-05,32.98374938964844,33.49035787616253,32.920423760207676,33.092310569536586,26829400
2023-07-06,32.232879638671875,32.81185866412641,32.22383115021884,32.74853304890402,30177300
2023-07-07,32.142417907714844,32.359536807598616,31.979579595548973,32.13337286858911,22883300
2023-07-10,32.27811813354492,32.57665274298199,32.15146687796629,32.1786054467366,17777500
2023-07-11,32.585697174072266,32.60379070132788,32.223833530934876,32.24192705819049,17731300
2023-07-12,32.55855941772461,32.79376837591736,32.49523034526257,32.74853628214809,17229700
2023-07-13,32.62188720703125,32.893283238669596,32.49523250467809,32.57665165926838,16664400
2023-07-14,32.85709762573242,33.01089090271608,32.57665309181395,32.83900409602917,17909900
2023-07-17,32.440956115722656,32.67616509496025,32.36858199842626,32.67616509496025,20557300
2023-07-18,32.784725189208984,33.00184063195899,32.45904857409623,32.49523218056274,22817300
2023-07-19,32.96565246582031,33.20086488037464,32.757582068937715,32.87518827621488,18589700
2023-07-20,33.26418685913086,33.535582849202754,32.89327820080225,32.9294652530751,22358400
2023-07-21,33.83412551879883,33.86126408625153,33.291330012830734,33.291330012830734,24142000
2023-07-24,33.93363571166992,34.19598670777504,33.8069844586503,33.843171516938135,19414700
2023-07-25,33.52654266357422,34.12361530853536,33.517494173702886,33.83412575043225,21771000
2023-07-26,33.66223907470703,33.78889032546251,33.25514330371602,33.354655986734684,20983700
2023-07-27,33.11339569091797,33.8543285390148,33.095100578819356,33.707971131661715,25346300
2023-07-28,32.99448776245117,33.342088003585786,32.94875171506321,33.25061241937313,24054100
2023-07-31,32.9853401184082,33.104253137131124,32.85727430761679,33.09510732393572,40265200
2023-08-01,32.57370376586914,33.772004009515875,32.35416589887409,32.82068255770006,40931600
2023-08-02,32.335872650146484,32.829830262287196,32.27184149554708,32.59200075798031,34301600
2023-08-03,32.015716552734375,32.271841168536675,31.94253609711304,32.18036908844619,25676500
2023-08-04,32.03401184082031,32.32672668602487,31.704706767606133,31.969980686521577,25737500
2023-08-07,32.63773727416992,32.79324051205308,31.9242452614142,32.02486315622528,31069100
2023-08-08,32.60114669799805,33.26890266246168,32.37246300512271,33.26890266246168,25225500
2023-08-09,32.784095764160156,32.98533853918963,32.48223160161595,32.56455787417924,17210500
2023-08-10,32.6743278503418,33.01277874596137,32.56455716303034,32.76579993366504,18955200
2023-08-11,32.967044830322266,33.186579240230195,32.55541344994922,32.582854378828586,16604800
2023-08-14,32.99448776245117,33.39696986467664,32.76580403607464,32.76580403607464,20295500
2023-08-15,32.37246322631836,32.848125729481524,32.34502229960541,32.82068480276858,20484300
2023-08-16,32.45478439331055,32.610291095586206,32.00656637676599,32.14377447819494,22215600
2023-08-17,33.3969612121582,33.58905814451775,32.555406992052916,32.564552803386306,31113600
2023-08-18,33.534175872802734,33.70797421950676,33.223165917507636,33.34208241232415,24141400
2023-08-21,33.854331970214844,34.01898450635439,33.515881085677414,33.579912239794325,28496500
2023-08-22,33.698829650878906,33.98239869069442,32.67432766775121,33.854332889546704,18536900
2023-08-23,33.534175872802734,33.96410232291436,33.44270379336612,33.92751209536525,19370900
2023-08-24,33.07680892944336,33.51588119746793,32.98533684881015,33.36952377479307,19380800
2023-08-25,33.27804946899414,33.561614993657955,32.89385907926424,33.05851160494335,16421300
2023-08-28,33.1225471496582,33.40611620138164,32.957894602133166,33.332935740509875,15101900
2023-08-29,33.06766128540039,33.790299057019745,32.93044968261509,33.168279172748804,21076500
2023-08-30,32.8389778137207,33.159133569653285,32.76579736125838,33.09510241846677,16833000
2023-08-31,32.363311767578125,32.921300442966036,32.363311767578125,32.87556092050947,27919500
2023-09-01,32.729209899902344,32.98533801572145,32.56455735738874,32.60114758671095,17519900
2023-09-05,32.363311767578125,33.19572013052721,32.33586735621706,32.89385603160497,25856100
2023-09-06,31.439434051513672,32.27184257868006,31.3388126653557,32.25354746397531,35370200
2023-09-07,31.357107162475586,31.686412241802724,31.137572769215005,31.530909004029503,26777700
2023-09-08,31.32966423034668,31.457726533124465,31.14671658804869,31.311369117173278,19467700
2023-09-11,31.04609489440918,31.37539994930757,30.6802031029723,31.320518099781847,27574400
2023-09-12,31.238191604614258,31.293073453733367,30.872296326452282,31.073539078384968,17987200
2023-09-13,31.17416000366211,31.66811408577284,31.1009795533133,31.293073001325027,23853300
2023-09-14,31.238191604614258,31.4485801682548,31.082684890092825,31.320517867728906,23759900
2023-09-15,31.165010452270508,31.48516619638458,30.92718096941947,31.15586464076835,57959000
2023-09-18,30.77167510986328,31.21074735227017,30.588727469834744,31.21074735227017,25421900
2023-09-19,31.09183692932129,31.110128554347845,30.661910463035138,30.689351390011264,30323300
2023-09-20,30.753381729125977,31.183308183993596,30.68935057492478,31.174162371723224,24651400
2023-09-21,30.049034118652344,30.725939345957798,30.030742494978927,30.61617215673714,26980600
2023-09-22,29.902679443359375,30.26857476020527,29.72888108704757,30.25942894753048,28570800
2023-09-25,30.167951583862305,30.167951583862305,29.646553056422928,29.90267766935844,19443700
2023-09-26,29.637407302856445,30.149656529739712,29.600817075383024,29.9301221437715,26015500
2023-09-27,29.36298370361328,29.7288789947072,29.180037802784376,29.664847842181178,26430100
2023-09-28,29.353836059570312,29.56422461751605,29.061121240738345,29.326395135753533,28197600
2023-09-29,30.34174919128418,30.396634531049834,29.545930956580552,29.591666995000566,42397800
2023-10-02,31.04609489440918,31.064390007396423,29.966707654213778,30.140509482874602,44620600
2023-10-03,31.00950813293457,31.201601584992158,30.835706304413506,30.95462279401697,31059900
2023-10-04,30.469816207885742,31.17416239403929,30.19539298747138,31.046096596109027,23722300
2023-10-05,30.61617660522461,30.899742176032657,30.231986152975928,30.597881489456906,21279400
2023-10-06,30.305164337158203,30.69850057299436,30.250278993982363,30.661910344210465,23750600
2023-10-09,30.36919403076172,30.616172829008395,29.97585781386177,30.241131725619617,17468100
2023-10-10,30.34174919128418,30.55214124900115,30.1953917746785,30.25942641578979,19212100
2023-10-11,30.286867141723633,30.488109896771164,30.021593235422078,30.40578363238227,24221200
2023-10-12,30.113065719604492,30.387488930909132,29.975857603388253,30.286867552022244,21809900
2023-10-13,29.372135162353516,30.177102768220315,29.289808890282636,30.1313632363971,32388100
2023-10-16,30.433223724365234,31.02779918251195,29.783762928316204,30.030741714722723,63317400
2023-10-17,29.957561492919922,30.360043505635485,29.454458104666475,30.186245168438393,40015800
2023-10-18,28.73181915283203,29.893532736204943,28.713524038593533,29.76547042597169,30307600
2023-10-19,28.530576705932617,28.81414398359937,28.274450353535464,28.704375048366863,26880300
2023-10-20,28.03662109375,28.4574000063424,27.8811161089447,28.411662219800746,39378900
2023-10-23,28.210418701171875,28.71352209566071,27.926851428535514,28.14638755038799,29412100
2023-10-24,27.835378646850586,28.384219844319254,27.73475726631121,28.247008236413535,26923800
2023-10-25,28.109798431396484,28.356777232476198,27.64328349981861,27.862819630316775,28857900
2023-10-26,28.50313377380371,28.6952289725144,27.89940899737244,28.00003037501699,27162700
2023-10-27,27.54266357421875,28.475691682847014,27.460337308057717,28.411660530214668,33877100
2023-10-30,27.945146560668945,28.064063057960265,27.542664517561086,27.66157927013429,33063500
2023-10-31,27.954294204711914,28.192125455316326,27.16762348548606,27.707317141719514,42648200
2023-11-01,27.908557891845703,28.429956428784326,27.87196766377796,27.954293932212277,23568300
2023-11-02,27.8994083404541,28.036618196463557,27.634134440080235,27.908555896817127,29640900
2023-11-03,28.594608306884766,28.713523055929144,28.210419644614987,28.26530324073408,28062100
2023-11-06,28.52143096923828,28.731819551747723,28.32018819925695,28.64949328124957,27381200
2023-11-07,28.585460662841797,28.713522968301547,28.25615559769608,28.429955687047215,18086400
2023-11-08,28.192123413085938,28.631195654064054,27.9451446232665,28.283597232802542,29398300
2023-11-09,27.515365600585938,28.284831608483785,27.469011161410734,28.266289832813705,28737700
2023-11-10,27.3299503326416,27.645153433985094,26.912771005504148,27.580258989868668,33844100
2023-11-13,26.866418838500977,27.218705519533607,26.82006616542669,27.20016374300744,35519900
2023-11-14,27.12599754333496,27.543176892472875,26.875688872907563,26.968395984351904,40084300
2023-11-15,27.988168716430664,28.13649937707181,27.079641209702462,27.079641209702462,43614600
2023-11-16,27.598800659179688,28.229206859453473,27.32067934057838,28.062334421940886,32407200
2023-11-17,27.73785972595215,27.821295942577535,27.57098729270138,27.73785972595215,27009200
2023-11-20,27.793485641479492,27.94181631291337,27.589531410318173,27.71932030576255,26335700
2023-11-21,28.090145111083984,28.145770435342985,27.589529570439737,27.830567337505844,25988700
2023-11-22,28.108688354492188,28.349726134152316,27.941815909478173,28.173582801277405,19226800
2023-11-24,28.275558471679688,28.460972677151,28.164309594748715,28.164309594748715,11129700
2023-11-27,27.941816329956055,28.50732812029333,27.83984009843374,28.50732812029333,26066700
2023-11-28,27.52463722229004,27.914005680537926,27.47828278187892,27.914005680537926,29497700
2023-11-29,27.886194229125977,28.01598313143972,27.561720205100432,27.598803759042173,26185200
2023-11-30,28.24774932861328,28.284832881622627,27.77494463719094,28.099418653058173,45356600
2023-12-01,26.801525115966797,27.25578804373423,26.23601329426556,26.857148678813108,103542800
2023-12-04,27.14453887939453,27.478281999648335,26.903501100841698,26.903501100841698,47410400
2023-12-05,26.968393325805664,27.441197956145714,26.94985155169643,27.07964043397926,39853000
2023-12-06,26.690275192260742,27.255785186436864,26.625378979461914,26.968394745577456,33410500
2023-12-07,26.541942596435547,26.79225125382437,26.42142459560444,26.718085922180386,35782900
2023-12-08,26.681007385253906,26.857148964178982,26.50486403808763,26.560487601524958,31881700
2023-12-11,26.55121612548828,26.708817691941576,26.365803662052212,26.681006794958805,37833900
2023-12-12,26.495594024658203,26.75517360967532,26.28236888423767,26.532677580335474,48587500
2023-12-13,24.715620040893555,24.78051448463534,23.881259623194506,24.363335159906303,158100700
2023-12-14,24.224273681640625,25.32748453292886,24.113026568711295,24.808327213363032,101889800
2023-12-15,24.68781089782715,25.021555819778015,24.177924394394413,24.22427706989149,138338500
2023-12-18,25.08644676208496,25.30894275616826,24.771243661740044,24.956657874263282,63329400
2023-12-19,26.10622215270996,26.18038748622512,25.2811325963237,25.290403484043225,70094700
2023-12-20,25.61487579345703,26.198929343933838,25.596335786200793,26.134034897934423,56184300
2023-12-21,26.245281219482422,26.291635656821555,25.753936561374502,25.82810189287613,51056600
2023-12-22,26.328718185424805,26.690275733963865,26.12476396006918,26.36580173634821,35087200
2023-12-26,26.337989807128906,26.44923869475831,26.189659135783753,26.35653158310732,30119100
2023-12-27,26.52340316772461,26.634650283494484,26.245281841817874,26.39361250833839,35000700
2023-12-28,26.690275192260742,26.912771188562314,26.495590090346248,26.523402752974317,30472900
2023-12-29,26.690275192260742,26.764440524361266,26.458508308416484,26.68100430471805,30342500
